reviewId,userName,userImage,content,score,thumbsUpCount,reviewCreatedVersion,at,replyContent,repliedAt,appVersion
823acd73-2e78-4101-9276-6a711d0acd1b,okta melani,https://play-lh.googleusercontent.com/a-/ALV-UjU4C2GyUCyaEmxjA01PuS2JK0ViPzpyYyyhf8CNGG0L1g,"Aplikasi itu harusnya memudahkan, ini malah sebaliknya jadi menyulitkan, antrean udah lama pas giliran mau scan barcode aplikasinya eror, akhirnya gak bisa isi BBM... Jadi sia-sia saja ngantre lama2..",1,175,4.3.0,2024-03-06 14:31:08,,,4.3.0
16856a42-e680-4a9d-9410-fa999528307f,Kevin Figri,https://play-lh.googleusercontent.com/a-/ALV-UjW34BdrKwzcFGwhE4aHLiMSUQb0Bp1QmCctPPRHjYfv2A,"Aplikasinya dalam 2 bulan terakhir ini mengecewakan sekali. Biasa nya kalau nopol sudah terdaftar saya ajukan banding menggunakan dokumen aslii terus sudah masuk email di setujui dan lanjut mendaftar lagi tetap ga bisa, padahal sudah disetujui dan sebelum sebelumnya aman aja. Mohon tingkatkan performa aplikasi ini jgn mempersulit yang ingin mendaftar dan verificator nya lama sekali bos biasa daftar brp jam kemudian beres sekarang mesti nunggu lama, gaguna . Mengecewakan!!!",1,220,4.2.4,2024-02-20 11:24:52,,,4.2.4
7589f7ea-8a8d-42a6-9ec7-1a5f560c7486,Romie Mocka,https://play-lh.googleusercontent.com/a-/ALV-UjWpa_81K_5alK848EJabelBvJJqWCx-5SWEWveomG-RFelk,"Aplikasi sampah. Sudah setahun lebih gak ada improvement. Mau ubah data kendaraan juga tidak bisa. Udah gitu saat akses menu subsidi tepat juga sering error. Kalau gak becus bikin aplikasi mending gak usah pakai aplikasi aplikasian segala. Bikin mudah kagak, bikin repot doang yang ada...!!!!",1,239,4.2.4,2024-02-17 22:23:10,,,4.2.4
04e2bcb0-51d8-4ce2-b0ed-643cb64fd364,Azzam Muazzam,https://play-lh.googleusercontent.com/a-/ALV-UjUifTNwy44MA9H3SHbkKerhlYLoucqLYKBTj1e7Cv7dJ8U,"Aplikasi tidak berguna dan membingungkan, pendaftaran sangat sulit dan berbelit-belit. Sudah mendapatkan fitur yang sesuai, selalu muncul nik sudah terdaftar tapi tidak ada solusi untuk sangahan. Mending dihapus saja",1,10,4.3.0,2024-03-13 07:20:20,,,4.3.0
65728c82-922a-4132-8867-a14bbe89af94,agny ikh,https://play-lh.googleusercontent.com/a-/ALV-UjWIfOKKgHkb0QL9W_obQ_3znf8w3WjELNyMeyOahuo0XQ,"SUGGESTION: Pada halaman ketika mengisi biodata (on android) tidak bisa memilih Tahun dan bulan dengan langsung, melainkan harus menggeser ke bulan dan tahun yang dimau karena tanggalnya tenaik ke atas akibat muncul keboard pada handphone. pada web, alangkah baiknya untuk bisa mengupload foto dari galeri (untuk ktp,STNK, dll) daripada memfoto langsung KTP. Dan alangkah bagusnya jika verifikasi data untuk pendaftaran subsidi di percepat verifikasinya.",3,0,4.3.0,2024-03-22 06:13:10,,,4.3.0
2b6f1400-fda9-41b5-9776-c2550cf43c19,Mas Gie,https://play-lh.googleusercontent.com/a-/ALV-UjVWNLS1FQL-arzL3RrbeE4y5e3iZNOlQMcZOpasA3nnxLA,"Yang Saya tau Aplikasi ini yang paling buruk selama hidupku di kwalitasnya NOL banget dibanding aplikasi lain , performanya sangat mengecewakan, sering error n lambat prosesnya. Mohon bagian IT Pertamina utk SEGERA DIPERBAIKI KWALUTAS APLIKASI-nya. Kalau tidak bisa lebih baik ganti yg lebih pinter di bidang IT-nya.",1,36,4.3.0,2024-03-03 03:07:28,,,4.3.0
f45ba482-da72-40fb-ba56-87dc5eb6ebf9,rex,https://play-lh.googleusercontent.com/a-/ALV-UjXaTNWm55OLt2HfQHOGZtOJ7pBhKzArWYlbVCdUVDDeMR4,"Saya baru ingin memakai aplikasi ini dengan harapan transaksi lebih mudah alias cashless. Pas mau menghubungkan metode pembayaran ke e-wallet malah ga bisa ""terjadi kesalahan dalam memuat laman ini"" padahal kode OTP sudah masuk ke SMS saya. Tolong ya perbaiki kembali aplikasinya!",1,16,4.3.0,2024-03-12 00:10:31,,,4.3.0
13a6e921-fd65-45f8-b967-6382231300c9,Retmono Legowo,https://play-lh.googleusercontent.com/a-/ALV-UjVM4nm1E9RBO7_7gZKjzaH1-m7hFcZqwCRg22wrar4yK4Q,"Masih banyak bug,tambah pembayaran dengan gopay tidak bisa,padahal gopay masih aktif,mau cek no.hp & edit kendaraan juga tidak bisa,tanya ke halaman bantuan,juga tidak terlalu memuaskan,jawaban seadanya saja,tidak menyelesaikan permasalahan,pantas banyak yg memilih transaksi langsung,daripada lewat aplikasi,karna ternyata aplikasinya sendiri masih banyak bug nya,yg membuat pengguna menjadi kurang nyaman menggunakannya.",1,156,4.2.4,2024-01-10 11:15:33,,,4.2.4
1bac5874-85e7-4795-b74d-d8ab9ddbe7a9,Cepi Saepudin,https://play-lh.googleusercontent.com/a-/ALV-UjWVp-4SJs1evZQIQqqdg8Zt0PBh_da624RgWigOIJZDImQ,"Parah sistemnya, sering ngebug dan menu lainnya gak bisa dipake, liat informasi aja sering white screen, connect pembayaran ke OVO gak bisa, ganti plat kendaraan gak bisa juga. Hadeuh. Kaya gak serius nangani Aplikasi ini, pdahal punya Pemerintah.",1,39,4.2.4,2024-02-19 06:31:35,,,4.2.4
c8a4980e-f8c0-416b-ad7a-fc5bc291f996,Yunita Fitriani,https://play-lh.googleusercontent.com/a-/ALV-UjXKpAaUdOEvw9BIWDAQais-tsuhkeFIQShqMdHpQEP91Q,"Aplikasi payah luar biasa. Padahal sudah daftar dan terverifikasi, pas buka lagi tau2 aplikasi minta update. Ya diupdate lah. Eh sekalinya setelah update minta lagi data ini itu sampe data kendaraannya juga. Nunggu lagi diverif lagi. Astaga. Trus di aplikasi, layar homenya ada nama ""nuhin"". Katanya ""Selamat datang, nuhin"". Siapa nuhin?? Apa akunku pernah dipakai si nuhin? Aku sudah login dan berhasil, nama si nuhin masih muncul.. siapa kamu, nuhin?!!",1,0,4.3.0,2024-03-23 20:41:25,,,4.3.0
7c4546c8-b5a3-4065-ae0b-e5c100758af0,prada gara,https://play-lh.googleusercontent.com/a/ACg8ocJHB56BqPdW7FfK6s09MlZ0H-3Ph8blHAwOOBmgzKA=mo,"unit telah terdaftar oleh penggunan sbelumnya, saya coba banding untuk daftar ulang, sudah dapat email nopol diserutujui untuk daftar ulang,tapi kenapa tetep harus melakukan banding lagi. sudah 3 kali, tapi tidak ad perubahan,yang bener aja.sedangkan barcode yg lama sudah gK bisa digunakan lagi, dan pendaftar yg lama gak tau siapa...",1,38,4.2.4,2024-02-09 17:48:40,,,4.2.4
68c41d9f-2a22-4547-87da-ec48213f6ab8,hadi winoto,https://play-lh.googleusercontent.com/a-/ALV-UjWdy299CeyOcU89bzq4rjIdCsdwycW4db1XkmAupVTkxA,"Hedeh.... Update versi terbaru (Feb 2024) malah hang terus, gak bisa ke menu utama. Bolak-balik ke petunjuk menu, Kebangeten.... mbok yo didandani Aplikasi-ne na..na... Pertamina.",2,3,4.3.0,2024-03-12 23:17:46,,,4.3.0
695afbb6-6f71-483d-aa31-0b780302c8f4,faydion soedira,https://play-lh.googleusercontent.com/a-/ALV-UjVNT_eYVD0KgKr0akLi9wUHOA78cCOHGfY8TQmE0OmLj2Q,"Sepertinya negara bayar paket hemat buat bikin aplikasi mypertamina ini ya? Semua isinya bug, dan makin kesini updatenya makin ngga bisa dipakai fitur fiturnya. Hanya seperti koran saja, buat baca berita saja",1,37,4.2.4,2024-01-28 00:38:20,,,4.2.4
e40b7818-b8e0-470c-8565-89e7745c43a6,Bustanul Syaifuddin,https://play-lh.googleusercontent.com/a-/ALV-UjUgGM41Gg6G_9KpnXxgKDhAHluK2SMU8iO_4aycYn2fgg,"Pointnya kecil, untuk ngumpulin nya lama agar bisa tuker Merchandise nya, setiap tahun upgrade jadi hangus pointnya, boro2 bisa tuker hangus duluan, apalagi buat spesifikasi kendaraan roda 2, sekali isi sedikit mana bisa tembus, harusnya pointnya continue",2,39,4.2.4,2024-01-10 05:59:04,,,4.2.4
e7dcbfc6-8d08-477d-beaf-72e6deb0ca38,udara ud,https://play-lh.googleusercontent.com/a/ACg8ocIi0hrHyqxEUZUXb87rZkU2JaGfgMp8ZAmr_--seaoi=mo,"Semakin lama semakin parah, update terbaru pun parah, fitur cleam qr barcode error terus. Padahal fitur ini sangat penting. Aplikasi itu lahir untuk mempermudah, bukan mempersulit. ##PARAH##",1,41,4.2.4,2024-01-14 16:07:06,,,4.2.4
be338943-d69a-4bf6-88f6-9aa71dbf7fd2,Bani Rahayu,https://play-lh.googleusercontent.com/a-/ALV-UjWL3UefHpBG454lz6bMoZGze4Gnvb94oYwrcMATh4F6DCo,"Sudah seringkali isi BBM pas bau bayar scan barcode tidak bisa klik ""BAYAR"". Dan berulang kali Sampe di bilang sama petugas SPBU ga ada saldonyaü•≤ Langsung lah ku tunjukan saldo LinkAja nya üôÉ TOLONG DONG DI PERBAIKI. DARI AWAL DOWNLOAD APLIKASI BARU BISA DIPAKAI TRANSAKSI 2X, SETELAH ITU TIDAK BISA DIGUNAKAN LAGI UNTUK PROSES PEMBAYARAN. Mana SPBU skrg banyak yg sdh tidak Terima DEBIT, hanya bisa dari MY PERTAMINA. MENYULITKAN UNTUK KAUM CASHLESS SEPERTI SAYAüôÉ",1,3,4.3.0,2024-03-16 12:20:54,,,4.3.0
54b9b7e2-ae17-49c9-91ae-08648096daf1,YO LO,https://play-lh.googleusercontent.com/a-/ALV-UjVipYLshw1z6X8qjU6l2ZfPaV_5Tstf3nn2oAiUjcwcHQ,"Payah, ga jelas peruntukannya. Awal¬≤ udh ngerasa cukup mengatasi antrian yg penuh di pom krn ada cashless, makin kesini malah semua pom rata2 bilang ga bisa lagi pake aplikasi. Hadehh, tolong diperbaiki kebijaksanannya. Lokasi sumsel terutama palembang",1,2,4.3.0,2024-03-12 16:07:13,,,4.3.0
d1e19456-14bd-4dc9-b5c3-e6259d243bf6,yudi prasetyo,https://play-lh.googleusercontent.com/a-/ALV-UjUQ1New9-Xl6T7Qa0NMtSi0DKqKOvfzgYccHqFEsmhmagJA,"Sebetulnya aplikasinya bagus, namun disayangkan banyak SPBU yg tdk aktif menggunakan My pertamina dgn alasan tersering adalah offline, terutama saat malam hari/ pagi. Sehingga promo2 yg di tawarkan tdk bisa di gunakan.",3,5,4.3.0,2024-03-08 11:31:08,,,4.3.0
cdb19bb3-be4e-4bf7-a104-9a2f0b740193,Muhammad Indera,https://play-lh.googleusercontent.com/a/ACg8ocLt_UpgcD-NpKXER-cb2kAbn1um_l5RNN_CL92EhiCV=mo,"Bisa di bantu gak min, akun saya kok verifikasi terus, mau daftar nopol kendaraan di tolak terus, alasannya foto kendaraan tidak sesuai, sudah di ganti dg sesuai saran pengambilan foto, malah foto stnk tidak sesuai, di ganti lagi, foto kendaraan tidak sesuai lgi",4,9,4.3.0,2024-03-10 10:57:02,,,4.3.0
78fb6233-b698-486a-ad39-bdf7f169dd29,Vickyt M&G,https://play-lh.googleusercontent.com/a-/ALV-UjUV6wDsOLWnFhEDjZu0a3R40x5BWYA18-578wcSJv0rZaE,"Ini bukannya memudahkan tapi menyulitkan, saya sudah daftar bolak balik tetep gagal gara gara foto kendaraan yang kurang jelas lah, nopol tidak kelihatan lah, foto sudah bagus dan sangat jelas sekali sampai pinjam hp teman yang kameranya lebih bagus tetap saja gagal foto tidak jelas mulu",1,2,4.3.0,2024-03-14 15:59:32,,,4.3.0
a52adf70-e674-4ab4-82c0-cdb6484379ae,Ricky Maulana,https://play-lh.googleusercontent.com/a-/ALV-UjVb6t5JdSQ29yNVdSjPYDA5a9yaYzJo9gQrifpqLihJ1E0,"halooo, developernya tidur atau apa ini?? tiap kali buka aplikasi gangguan mulu, udh pke wifi + data . masih error connection muter¬≤ ga jelas. kasian supir¬≤ truk baru yg mau daftar gabisa beli solar. pas sdh di bikin akunnya nunggu lama. para petinggi pertamina tau apa? tau hasil duitnya aja, kasian rakyat kecil khususnya yg kerja bawa truk bukan milik prusahaan besar",1,6,4.3.0,2024-03-13 07:56:40,,,4.3.0
6a95d49f-c10f-406e-9c11-0f982bdd8980,FADHIIL DHIYA'ULHAQ,https://play-lh.googleusercontent.com/a-/ALV-UjUInfbQWbirjCMpVLshhZaKFbU9wMjuCAh6HA17Gy7EIvE,"Aplikasi terburuk pasti di korupsi, udh isi data diri sama data kendaraan malah tiba-tiba hilang kehapus. Dan saat mau di buat ulang malah servernya bobrok. Yakin gw ini dikorupsi. Jelek banget!!!! ü§Æ",1,0,4.3.0,2024-03-19 03:02:47,,,4.3.0
551b0f78-7b84-487f-a21f-2707c1dcd74b,yeremia,https://play-lh.googleusercontent.com/a-/ALV-UjVIz-GSOiXZM5FRKwTE3BTfAbGUu3OCNeb88heAOlF4WBY,Tidak bisa di hubungkan ke ovo sudah mencoba berkali kali tetap terjadi kesalahan. Setiap aplikasi dari pemerintah selalu buruk. Modal dikit napa kan untungnya dah banyak pertamina wuuu sebel,1,2,4.3.0,2024-03-07 01:14:08,,,4.3.0
f99e25f2-4782-4947-8ff8-e7bb6b9cec1b,Wahyu Purnomo,https://play-lh.googleusercontent.com/a-/ALV-UjWNx3eaaomsJOZDRLwojPjWPrZnRhpyaffxFoSa0FooZtk,"Aplikasi koq ribet, sudah lama terverifikasi malah data di tolak dengan alasan stnk lah. Bukannya mempermudah konsumen malah menyulitkan. Kembali seperti biasa aja jika kayak gini kinerja kalian.",1,0,4.3.0,2024-03-24 03:22:39,,,4.3.0
087c07a5-55c6-452c-8f6d-84835d1f1a8f,Jonsen Ginting,https://play-lh.googleusercontent.com/a/ACg8ocLZ760L_J4jGrKOUlL9kzIfEVkBcfd8uziuPU0rW_o8=mo,"Sangat kecewa dengan aplikasi my pertamina sekarang ni,mendaftar pembuatan QR(barkot) selalu gagal,selalu alasan foto mobil tampak samping,dpan tak sesuai.tah kekmna lagi mksdya biar pas. Trus data yang sudah ferifikasi disuruh lagi edit data.trus nunggu perifikasi lagi..error kyakya aplikasinya ni..admin tolong tindak lanjut lah aplikasiya ni biar beres.. Klo kyak gini kasihan lah org2 yg beli mobil seken,beli mobil gk ad barkot.mau daftar gagallll teruss..",1,7,4.3.0,2024-03-08 12:35:32,,,4.3.0
108c97d6-4fb3-4234-ba46-fc4d22a63c2c,Mutiara Putri Allolangi,https://play-lh.googleusercontent.com/a/ACg8ocJCOhwIdmKTcXQbPK7eI28_qSZDdAoHfJ4ZNDZUyNPg=mo,Tolong kalau buat aplikasi jangan menyusahkan tanggal lahir tahun 68 di ketik manual ga bsa harus mundur manual dari bulan ke bulan tahun ke tahun konyol sekali hbs itu hbs upload foro error data nya hilang an .,1,0,4.3.0,2024-03-19 11:21:03,,,4.3.0
c3eb9c91-79e1-4b24-903d-a5c5d3a271f6,Tegar Smg,https://play-lh.googleusercontent.com/a/ACg8ocKGL4Dn_RdYTREO3J711Ot3PSJbp0Jdp7p1xAxvZEvv=mo,"Mau menghubung kan ke metode pembayaran selalu ""terjadi kesalahan saat memuat laman"", perbaiki lahh jangan cuma diem, nonton!",2,1,4.3.0,2024-03-09 01:08:15,,,4.3.0
f0a41522-4205-4a19-bffe-e16cd968aabf,Rizal Fadhil,https://play-lh.googleusercontent.com/a-/ALV-UjUEtwmYJ-Usuug5f1Dm6pjPO-ainuhQNrjk_Z1Wg57nmtI,"Aplikasi apa ini,.. Daftar subsidi tepat 5x gagal, giliran daftarin punya temen 1x langsung jadi, sekelas negara bikin aplikasi kyk gini hmm, telpon 135 juga ga ada guna, ""kami tidak bisa bntu karna verifikasi by sistem"" Mending ga usah ada call center sekalian"", baru kali ini nemu aplikasi separah ini.",1,29,4.3.0,2024-03-22 08:15:33,,,4.3.0
7a59a89f-2853-45e3-b6ec-e49026178476,M Ilham Nur Habibie,https://play-lh.googleusercontent.com/a-/ALV-UjUgI4vHnxnfM_vYZ50KHi2JH-N4h6E_3ntLEplTEA0xLGE,"aplikasi sampah,kaga jelas.masalah verifikasi gambar aja susah. verifikasi gagal gara gara foto tidak sesuai, padahal udah sesuai contoh. emang aplikasi ga guna, nyusahin orang aja",1,6,4.3.0,2024-03-05 10:41:53,,,4.3.0
491e83e3-4f34-49b9-b69b-cb700aec634e,Sakeus Sitepu,https://play-lh.googleusercontent.com/a-/ALV-UjU-GEf441lPC7W8R5IfbN0MccI6DPBV_m07Gb9yNVOnBHM,"Aplikasinya jelek bgt, bukan mempermudah tapi mempersulit. Udah dpt QR barcode tapi banyak SPBU yang tidak punya alat scan, diinput manual di sistem nya jg gak bs. Katanya BUMN besar, masak sistem kayak gini aj gak becus kalau blm siap pakai sistem kayak gini mending ditunda dan kita kembali ke jaman batu lg aj.",1,32,4.2.4,2024-01-11 01:31:31,,,4.2.4
860fc3fa-3db9-4990-b0fc-aebe06002ae0,Deni Suryana,https://play-lh.googleusercontent.com/a-/ALV-UjWQgUAzS_rbMK5AoScwe3Ae_jqef2n2a72-soybV8CzfotH,"Bad experience! Gak praktis, bolak balik minta upload berkas, ngulang terus. Buang2 waktu. Perlu develop lagi, dibuat praktis dan gak ribet!",1,1,4.3.0,2024-03-16 08:42:39,,,4.3.0
c1b3b3c6-f6bc-4bfc-bded-5b342a39e05f,pak suryat,https://play-lh.googleusercontent.com/a/ACg8ocJKvDxRE-e_JEWaalygUFZ41SDNEIJIi3hnBwTBQ7wL=mo,"Nomor saya mati, mau ganti nomor ndak bisa, akhirnya tanya cs biar dibantu dari pusat, ternyata tetap gak bisa, malah suruh buat akun lagi, dan prosesnya ribet, ditambah nomor akun yang baru harus sama dg nomor link aja, Aplikasi sampah kalo ga diwajibin daftar ga bakal saya download aplikasi kek gini,",1,22,4.2.4,2024-02-17 04:51:18,,,4.2.4
178a87ed-a637-4c0b-a02c-13312a8e6398,M Iqbal,https://play-lh.googleusercontent.com/a-/ALV-UjWrmfMpMgHsa-DZuMAeBW0KBuhXkbQxS9gWG246N10sorU,"Tidak bisa dijelaskan lagi dengan kata2...ini aplikasi Bobrok...system bobrok semua...BUKANNYA MEMUDAHKAN, malah MEMBINGUNGKAN!!!! aplikasi Gak guna!!!BOBROK!!!!",1,4,4.3.0,2024-03-10 10:40:49,,,4.3.0
b47a4374-e55f-4d51-ab43-7240371ab495,Didith Kusnadi,https://play-lh.googleusercontent.com/a/ACg8ocL-edA6l2JgjW8IMdWr6d_b1oCV_LHhGICIih1X6SEQ=mo,"saya bingung dianjurkan perbaiki data Poto mobil dan STNK, setelah diperbaiki sesuai anjuran lebih 30X tapi tetap ditolak, 2020 saya sudah punya aplikasi Mypertamina, apa yang harus saya lakukan mohon petunjuk nya",2,2,4.3.0,2024-03-06 08:13:41,,,4.3.0
0b991fa2-e459-49c7-b083-27c53a38380b,Adhy Bee,https://play-lh.googleusercontent.com/a-/ALV-UjVZHK-nahi8AhJRA-iUVnNfIlRaXnXo606sCwlsfo7JMA,Susah payah antri tiba¬≤ barcode tidak bisa dibuka. Padahal hari sebelum nya bisa. Sampai sekarang pun erorr. Apa rata¬≤ aplikasi plat merah begini ? Kalah sama aplikasi anak STM.,1,0,4.3.0,2024-03-20 08:54:25,,,4.3.0
1a07aba8-2c64-4d28-838d-0ab6e24e5b20,Dimas Bagaskara,https://play-lh.googleusercontent.com/a-/ALV-UjVGcW64grNVjtyEL8j9F4BzmzylzbdauaS9qI2OVcFpny0,"Meminta masyarakat sikitsikit online sikitsikit pake aplikasi, tapi aplikasi yg dikasih aplikasi sampah semua. Dipakai gunanya hanya sementara,data kendaraan hilang,apk ngebug,download barcode gabisa, buat/ubah data apk gak respon. Nanti yg disalahi Hp masyarakat.. Kalo emg berat kali ngasih apk yg berguna, udah balikan aja tanpa perlu aplikasi.",1,7,4.2.4,2024-02-21 17:59:00,,,4.2.4
d5752fe3-385c-4f4c-8c10-1aabb0c2e3df,SUZANA TRIPLE,https://play-lh.googleusercontent.com/a-/ALV-UjXwXbkEK7v_ctr_kjSzg-RQpFrgbeQByc3-GyqOkbjdbLQ,Tidak usah instal aplikasi ini tidak ada gunanya di kota saya Palembang operator non tunai nya selalu tidak Ready di tempat padahal katanya SPBU Pertamina 24 jam sehingga menyebabkan antrian di operator tunai panjang sampai ke jalan menyebabkan kemacetan kecelakaan bisa jadi menghilangkan nyawa,1,2,4.3.0,2024-03-08 03:33:02,,,4.3.0
23759510-d087-4fb7-ba26-a2d341c1514b,Wisnu Abdi,https://play-lh.googleusercontent.com/a-/ALV-UjVT7S1oDbh0js73RHvZHux3s2hMI4qxOtdfyduW0qB15U4,"First time ngasih aplikasi bintang 1 doang, soalnya ngapain bikin aplikasi kalo mau bayar pake mt pertamina aja gak bisa. Udah nemu 2 pom bensin yg kalo pas ngisi pertalite kalo tak tanyain ""bisa pake mt pertamina enggak mas? "" Jawabannya gak bisa entah error EDC nya lah terus gaada EDC nya lah. Kecewa sih karna emang download ni aplikasi biar gampang bayar nya karna aku tim cashless. Tp nyatanya malah gaada gunanya. Semoga bisa lebih diperhatikan lg. Terimakasih üôè",1,11,4.2.4,2024-02-10 14:10:31,,,4.2.4
d9822882-b613-40ea-8a24-f0b049c1a8cd,Wardi,https://play-lh.googleusercontent.com/a-/ALV-UjVKPDVJZRo7LNamzyOL1Xb3AKAJflUtnkIxFWV8IPtPEGU,"Foto tidak sesuai lah Ban nya tidak sesuai lah Padahal kendaraan yg di daftar sesuai STNK, aplikasi apa ini kami ingin mengikuti anjuran pemerintah tapi aplikasi kebanyakan eror",1,7,4.3.0,2024-03-01 09:07:25,,,4.3.0
f85691f8-67dc-4aa3-9750-a23d0628cc9b,Abdul Azis,https://play-lh.googleusercontent.com/a-/ALV-UjVnRkHYqwmhC2OFqUDlheMXc-lpn7a0T83LFI--pEP8woE,Aplikasi paling buruk. Pengajuan data sudah berhari-hari tapi belum lolos verifikasi. Lebih baik hilangkan saja aplikasinya jika seakan-akan tidak berguna lagi. Bagaimana kami bisa beraktivitas jika data yang kami ajukan belum diverifikasi selam berhari-hari.,1,3,4.2.4,2024-02-26 22:37:23,,,4.2.4
651ddbab-7b10-46dd-807e-d896f4b157c2,tanaka taka,https://play-lh.googleusercontent.com/a/ACg8ocLTpJ_jbWLhss1pvg7YKGYu86JMpR-PRSG7QmKILTxV=mo,Sangat....sangat...sangattttt buruk aplikasinya. Sering minta upgrade. Benar2 sering. Dan spbu nya sangat sedikit yg bayar pakai ini. Dan kalau pun ada banyakan tutup di pengisiannya. Alasan lagi nganguan...,1,2,4.2.4,2024-03-03 03:49:58,,,4.2.4
22f3a226-c069-4858-a82a-a9849da63c81,bie production,https://play-lh.googleusercontent.com/a/ACg8ocJAO1cYal9ATtVs32tEpgJlBxwknnKAC6Cz2VyQ3Qmv=mo,"Akan lebih baik lagi, jumlah kuota bbm yg sudah kita beli tampil di aplikasi milik user, bukan hanya di milik petugas SPBU, masa mobil pada hari yg sama gak ngisi BBM, ketika beli kuota habis. Itu pasti ulang dari Oknum petugas SPBU. Mohon di perbaiki, dan keamanannnya di tingkatkan.",2,2,4.2.4,2024-02-29 01:29:21,,,4.2.4
0c18a1ec-20ef-4b7d-a200-79a4db147251,Ardie Gepenk,https://play-lh.googleusercontent.com/a-/ALV-UjWhjsT0nwOJwIsfz4eviiPg4rJ1Eq0IAmXfJOZnmwGD1V0,"Bukannya aplikasi memudahkan malah menyulitkan, selalu ada bug, klo blm clear knp sudah realese ini aplikasi , pengembang gak ada perubahan",1,4,4.2.4,2024-02-26 04:05:04,,,4.2.4
a6c93a62-c0f5-4c71-82f7-9b565f78a0b2,Tamo Tiwei,https://play-lh.googleusercontent.com/a-/ALV-UjXA1rojpsN4xiSbuP87xDGryJ_dtAAmbDFqqQZeBEV5Pfk,Kenapa lama previkasinya padahal kami masyarakat sudah di haruskan pakai QR bila mengidi BBM di spbu. Sudah daptar di Aplikasi ini tapi sudah 4 hari belum di perivikasi. Tolong di permudah biar program mypertamina bisa berjalan baik,4,0,4.3.0,2024-03-19 03:26:44,,,4.3.0
a9d7340f-bc7a-4684-a2e3-4cfcbe033eab,Sumenti Menti,https://play-lh.googleusercontent.com/a-/ALV-UjUlTxHjEyT4Gki5OVxev4dMEBiJSrryjp13DJDm3EozwxU,"Mempersulitt pengguna, ga bisa ganti nomor, isi bensin sulit ga ada sinyal tp suruh login, suatu kebijakan yg aneh",1,0,4.3.0,2024-03-23 09:30:01,,,4.3.0
1cdb9b95-6aca-4557-8429-e9a5c42c908e,BangTriya,https://play-lh.googleusercontent.com/a-/ALV-UjVfaip74nauPcX8kJ9rObkr9y0naMshF3eqSa-xt6TFolc,"sumpah klo server belum siap untuk jaman lbih modern,minimal ga malah mempersulit penggunaü•∫apk indo klo buat mana ada yg bner servernya lemot pas btuh sering troubleüòÖ",1,1,4.3.0,2024-03-10 01:03:20,,,4.3.0
93f38776-fab1-4397-b1a9-04c5ae6656c1,Djumiddin A6,https://play-lh.googleusercontent.com/a/ACg8ocLajwQJ5CCtFq9Q9O5LMevMpx4-GWPOZ97qlsgXkrf6=mo,"Lama betul verifikasi kendaraan nya, kasian kita ini nunggu bisa isi pertalite apa nga, udah semingguan msh aja verifikasi terus, capeeee dehhh",2,0,4.3.0,2024-03-22 05:30:10,,,4.3.0
a087839a-4fa8-45f4-a601-2b010ed27fa5,Roslan Takeshi,https://play-lh.googleusercontent.com/a-/ALV-UjUVudNnRoR8Kz5Hpa6Zcz-ZXAoSMa1wxjGNl96RuglJesme,"Aplikasi macam apa ini.???? Sudah daftar, terkonfirmasi berhasil. Pas masukkan pin, tidak bisa Notice ""periksa no HP dan lin anda"" Poin 1 dari 100",1,2,4.2.4,2024-02-26 00:19:47,,,4.2.4
4a37958b-f2ca-4d8c-9872-48fd457cc345,Indra Sundjaja,https://play-lh.googleusercontent.com/a-/ALV-UjU5qzPwJHV_pwTfCA5TB7VsRa9HGahodV7Uv1dxJOuDmw,"Fix hapus ni apk gak guna cuk setiap digunakan upgrade la login lagi la mana masukan nomor telpon lagi dan lagi pdahal sudah di pom bensin pembaruan mulu log out log out mulu ,gk berkualitas apk taii asuu",1,1,4.3.0,2024-03-10 16:03:45,,,4.3.0
0781e5c6-0373-4f83-9150-fd6a74c21b3d,joehar fuad,https://play-lh.googleusercontent.com/a-/ALV-UjXg6Berpj7swAeuLc8Ui7zGu_oOA3NxJT9-XkuUzMRgAA,"Kenapa makin kesini ini aplikasi semakin sulit digunakan, ketika antri BBM pertalite, pas mw buka menu barcode subsidi, malah eror dan ga bisa, kebayang kan uda antri lama. Mohon lah diperbaiki jgn semakin ribet",1,10,4.2.4,2024-02-08 08:53:29,,,4.2.4
be37e9bf-3d8e-4273-b158-bfbbeeae8810,Arif Yuniarto,https://play-lh.googleusercontent.com/a-/ALV-UjU9WWB8D3Jebs3LpVAssSFsBIAN61jLEAtbEUvda2ElzpH_,"Untuk metode pembayaran sebaiknya lebih di permudah, kenapa hanya via LinkAja toh transfer via bank lebih simpel. Semakin flexible pastinya semakin banyak yang mau menggunakan terimakasih.",2,3,4.2.4,2024-01-22 15:09:37,,,4.2.4
c36b8969-8914-4f30-b67f-b9a57c06620e,Andreas Horiono,https://play-lh.googleusercontent.com/a-/ALV-UjVBNGxQk0BFZJhPetgdOvO0cyKRCxU40q1RIO2fhjF02A,Aplikasinya bagus. Tp implementasi di lapangan tidak berjalan. Dari pengalaman saya ke pertamina isi peetamax beberapa kali tidak ada yang mengerti aplikasi my pertamina. Dan sangat disayangkan. Promo2 pada apps my pertamina tidak bs diklaim. Khususnya di daerah2.,1,3,4.2.4,2024-01-28 05:48:39,,,4.2.4
b1d1f8fc-caf0-42d5-9c4e-cafcbfeae6c3,Dian Kurniawan,https://play-lh.googleusercontent.com/a-/ALV-UjU1kuaHd7P3OKRAiu0YAC_8y5_5nuCxPjj6nuYIyLfu6A,Sblmnya sudah dpt code QR tp setelah update aplikasi kok malah ga bisa mendapatkan kode QR lagi ya? Bahkan tidak ada menu komplain. Setiap klik minta kode QR malah layar jd kosong.ü§î,1,6,4.2.4,2024-02-23 07:26:20,,,4.2.4
c193d92a-d00c-4674-9c26-68dcd853e46f,Dimas Ade Prayoga,https://play-lh.googleusercontent.com/a/ACg8ocKGbx6cwmtwo87VxExFWJv1ohUoUV8ZIzM0SiPGtgZ6=mo,"Aplikasinya ribet mau download barcode saja ngga bisa dan menambahkan kendaraan nunggu verifikasinya juga lama, sangat menyusahkan pembeli/konsumen saja!",1,6,4.2.4,2024-02-24 09:29:35,,,4.2.4
b60bb1a0-bb1d-4be7-9ee6-dd7ed5792dff,EDI STO,https://play-lh.googleusercontent.com/a-/ALV-UjWz1zqMSXwHEgkBhhuE4qMbrfplFl5NINA6mPC-k--tavro,"Muncul harus Pake google Chrome dll padahal sudah pakai Chrome, dan muncul pertanyaan kembali ke branda mulu. Terus pada link ke Ovo dan GoPay OTP masuk tapi diaplikasikan tidak muncul halaman verifikasi harys muat ulang terus tapi tetep gk bisa.",3,7,4.2.4,2024-02-07 07:13:31,,,4.2.4
a0c1528d-bcaf-461b-880d-12d00e9f9fc0,Nina Rully,https://play-lh.googleusercontent.com/a-/ALV-UjUAFsps2TwoiAc6-oo4Wl7P7U-YRdj__l6M_91moOtisNo,"Saya kasih bintang satu mau daftar BBM subsidi ribetnya minta ampun. Ga bisa dari aplikasi harus dari website. Dari aplikasinya malah di katakan user tidak di temukan. Ini aplikasi BUMN terburuk! Trus apa gunanya aplikasi? Trus harus foto ini itu, gw udah fotoin semuanya lengkap eh ternyata harus foto saat pendaftaran, hadeh ü§®üëé",1,8,4.2.4,2024-01-14 07:56:29,,,4.2.4
94ba7915-4d90-4b74-a7a9-05fa05f296ba,michael wong,https://play-lh.googleusercontent.com/a/ACg8ocIkXzkPFQJ--hOpabtgkF28P0U1Ozje2vxAaolFoQqY=mo,"Uninstal lebih baik,tp kasihan yg punya kendaraan solar yg harus pakai barcode,spbu sekarang banyak alasan mesin edc nya gak ada bahkan ada yg nolak dengan alasan tidak masuk ke rekening pemilik spbu. Cuma catatan pegawai kantor dengan yg di lapangan tidak akan pernah sejalan jadi sebaiknya di hapus aja apk nya dari playstore supaya tidak menyulitkan orang lain. Klo memang ngotot ya berarti memang permainan petinggi aja supaya pada ganti ke kendaraan listrik",1,4,4.2.4,2024-01-26 16:52:35,,,4.2.4
d68f2dc5-361d-4db3-93eb-987d8adea01e,giovani togatorop,https://play-lh.googleusercontent.com/a/ACg8ocI_xlC9rJH_R3xQ_GtNSJWaw987x9ggGoPOFhQ5Jy6X=mo,"Aplikasi gobl0k, kmrn QR msh bs dipake, skrg mau isi katanya gak bs lg dipake, mesti daftar ulang, sdh daftar ulang, mau lht QR malah error melulu, jd mau ngisi bensin mesti keliling cari spbu yg bs isi tanpa QR, mypertamina ta3k, bikin susah org, g0blok",1,6,4.2.4,2024-02-01 00:58:52,,,4.2.4
549a8fdf-67ca-45e0-a5f2-7022fd097345,Su Herman,https://play-lh.googleusercontent.com/a-/ALV-UjV0r7AbBlwCZWCLUjbqykXK4Pd9SEdsPnNoPSqtd8oe4s4,"Fitur pada subsiditepat yakni claim kode QR bagi pendaftar yg sdh terdaftar dan sudah terverifikasi, tdk bisa di gunakan fitur claimnya... Padahal itu fitur sangat mempermudah bagi si pemegang kode QR kendaraannya... Payah di tingkat dong kualitasx jangan tambah turun... Bintang setengah saja dulu ya min.. Nnti klo dah bagus baru kasih bintang 5.... Okeeeeyyyy.... üëçüëç",1,4,4.2.4,2024-01-25 04:20:41,,,4.2.4
5c749907-66a9-46ea-959a-48d9fadce0c1,Arif Ramdan,https://play-lh.googleusercontent.com/a-/ALV-UjWCW3YIef7Qp7VAR5VIjX6Dl1XexAyKQJ-eQKwPSc_c3Tw,"Ui nya cakep. Responsif. Beli pertamax selalu pake mypertamina sekarang. Nominal dapetin poin nya di naikin dong, untuk pengguna roda 2 belum juga terkumpul buat tukar hadiah malah ke reset duluan. Minimal exp point nya per 3 tahun ke biar ada sedikit reward",3,1,4.2.4,2024-01-19 16:17:41,,,4.2.4
282ccdf8-8f2f-4088-87f0-9dfd9f89618c,Ano Kartono,https://play-lh.googleusercontent.com/a-/ALV-UjWtKhlPKRPDo1sD8Q_WwwuctdU_yUQbQKqabWExX5SSvfU,"Updated paling jelek sekali,,kenapa fitur klaim barcode di hilangkan??padahal itu yg sangat penting,,niat update gak siih??tetep aja bugnya banyak,,üëéüëé",1,16,4.2.4,2024-01-08 13:44:37,,,4.2.4
d44277a4-d502-404b-b7db-329b181f1901,Amar Ali,https://play-lh.googleusercontent.com/a/ACg8ocI11NShCtTR9Gda56CU0CJnreV_iQWbl3GH1Batj07g=mo,Masih bnyak kecurangan terutama no plat gak sesuai barcode. Dan seharusnya yg pajak kendaraannya hidup saja yg bisa buat barcode. Bnyak kendaraan yg udh gak layak pakai kerjaannya cuma ngisi minyak hanya untuk bisnis,1,6,4.2.4,2024-02-11 21:19:02,,,4.2.4
850047c8-c371-41de-aa1b-a4cdc8e7ae7c,Jaini Lubis,https://play-lh.googleusercontent.com/a-/ALV-UjUh_pkhqNVqjIEacf-0-RQC3xx1_yZP_2SyS8hT9G_ufOs,Males pakai lagi ini aplikasi baru coba bikin antri panjang..sken Pertaman ga berhasil di suruh sken lagi di dalm kantor berhasil..pas liat riwayat 2x pengisian. Jadinya beli sekali bayar 2x...perbaikan lah....belom semua SPBU bisa pakai aplikasi ini sekalinya bisa buat motor harus beli Rp 50.000 (SPBU 34),1,4,4.2.4,2024-02-15 01:09:40,,,4.2.4
985f8aff-12a8-42f3-88d7-5ed335dc86fd,Slamet Ade Saputra,https://play-lh.googleusercontent.com/a-/ALV-UjVcct4PfX76DpGRN-zzxBf1BN7atl8bcsc6oBK1oxZ0qRs,"Udh lama pake dan merasakan beli bensin dengan non tunai. Setiap mau isi rasa2 nya lama, petugas ribet, lamban. Lebih cepat yg bayar tunai walaupun antri panjang. Tlng perbaiki sistem biar bs cepat Thx",2,4,4.2.4,2024-01-10 10:24:33,,,4.2.4
304afcc3-cb24-4753-87c6-0dad4fcce8d3,Agung Apriyanto,https://play-lh.googleusercontent.com/a/ACg8ocK2gtFvccqJeohi7YRuzCzeWWxxB953MIIr7uJ4wX_pYA=mo,"Masukan saja masih ada SPBU yang belum bisa menggunakan aplikasi ini, dengan alasan error & tidak ada jaringan. Sudah panjang & lama mengantri Pertamax, ternyata harus pembayaran tunai. Saran saya, mending dibenahi dulu aplikasinya, dikasih petunjuk terkait aplikasi My Pertamina error agar konsumen tidak kecewa",1,1,4.2.4,2024-01-23 02:29:55,,,4.2.4
0f8d2b6b-31d0-4c52-9ea9-33f105e295d8,Azak Yee,https://play-lh.googleusercontent.com/a-/ALV-UjVn25LIN4zTrrj9yg_qTjx3jGfsc23vVCVnkFFLU3iN6sY,"Perekonomian sudah sulit di tambah aplikasi yang memudahkan orang Pertamina sendiri, bukan masyarakat malah di buat mudah malah di buat susah, kebayakan login ini itu, nggak bisa kah melihat kebawah kalau aplikasi ini bisa membuat masyarakat mudah untuk bertransaksi",1,2,4.2.4,2024-01-27 08:47:55,,,4.2.4
e7c03753-a206-4dc6-9df6-2ae70a2deae3,Hirdes Harlan Yuanto,https://play-lh.googleusercontent.com/a-/ALV-UjW1ntHua59-IV6mlZR5-rzwZLwJop_dNJaNrg4sGcuHATA,Tlg diperbaiki masalah pembayaran menggunakan kartu BRI. Krn selalu gagal terus transaksinya. Hanya bs menggunakan pembayaran dgn link aja,2,0,4.2.4,2024-02-26 01:02:05,,,4.2.4
69e8c46b-2f91-45e0-9776-f11f2c60e3be,yadi,https://play-lh.googleusercontent.com/a-/ALV-UjX1itCoBwT4jLS2tvNOgW1EHGLLlcx7CWocxZkHpVooWRa7,"Sudah Install ini aplikasi, Uang di simpan di Link agar bisa bayar pakai ini aplikasi, Tapi hampir semuanya tidak ada SPBU tidak bisa menggunakan aplikasi mypertamina, Ada yg bilang eror, jaringan lah, payah banget, sengaja simpan uang bensin di Ewallet biar bayar pakai Mypertamina ini malah pada ga bisa di SPBU nya",1,4,4.2.4,2024-02-22 01:03:03,,,4.2.4
16caebbf-0d59-4628-88f1-687a650c7d1d,yuyud hadiwidjojo,https://play-lh.googleusercontent.com/a-/ALV-UjVkgYujdiHxnHEkw6kZNbA1m6dUXzkmaA743ktMTfPKhBg,"Tambah kesini ini aplikasi sering errorr ya? Padahal sudah selalu update aplikasinya lho. Masih suka log out sendiri, info promo pas di klik gagal memuat. Entah apa ini yg salah...",2,7,4.2.4,2024-02-02 15:43:30,,,4.2.4
a5616f84-2013-484e-a0eb-72316505e6aa,afrian zuliandi,https://play-lh.googleusercontent.com/a-/ALV-UjVKwY6naHGZ8NAG5R_9IYtK6vfQQL367Evnhly3hXyXc4nf,Aplikasi my pertamina sangat membatu tolong dong si perbaiki sistemnya..soalnya terkadang tak muncul.volume per liter..di aplikasi..alamat SPBU.sudah ada.jumlah pembayaran dan waktu pengisian sempurna..kurang volume liter yg di keluarkan terkadang tidak ada.,5,5,4.2.4,2024-01-22 15:34:22,,,4.2.4
727d8cec-669a-4dac-9121-f2278032e5ea,Robert Marbun,https://play-lh.googleusercontent.com/a/ACg8ocKIwJc64arL6zjmGaY5apwVld20rYQGaE2No1dOS4FL=mo,Diharuskan untuk mengupdate. setelah diupdate bermasalah. mau lihat barqode eror. memang kerjaan Bangsa kita ini. gak ada yg beres. gimana mau masyarakat maju. apk nya aja begini. gimana mau yg lainnyaü§¶üèª‚Äç‚ôÇÔ∏èü§¶üèª‚Äç‚ôÇÔ∏èü§¶üèª‚Äç‚ôÇÔ∏è. Korupsi no 1 Parah !!!,1,13,4.2.4,2024-01-09 12:53:19,,,4.2.4
19408f5e-1415-4852-a583-faa30940709f,Prabu Asmara,https://play-lh.googleusercontent.com/a-/ALV-UjVLlXpWpv57lr2lhfVOnJexxOGoPTzCReRzZbH4LXW8bQ,"Pertamina mantap, semakin canggih, pelayanan juga sdh bagus, dg aplikasi2 nya, untuk pembayaran klo bisa lgsg main tf saja dg bank apapun, gak pakai aplikasi lain, jd lebih mudah lagi, sukses buat pertamina",5,0,4.3.0,2024-03-11 22:30:47,,,4.3.0
93ee88d5-2677-48cb-bf9b-a9032fa36a48,RCP CUSTOM,https://play-lh.googleusercontent.com/a-/ALV-UjVhGKI2W9Ikwfufbg-Z0CszvrP4g7SOus56Sz2veJ0pGnc,"Buat apa ada aplikasi ini klo di pom masi ga bisa ngelaianin pembayaran pake apk mypertamin dengan berbagai alasan (edisi eror lah lagi ganti sip lahh lagi off line lah, cuma mau nerima kes doang)",2,0,4.2.4,2024-02-20 02:40:13,,,4.2.4
8574c7cc-be21-4ddd-9baf-2f8d525200dd,Mardian sulaeman,https://play-lh.googleusercontent.com/a/ACg8ocIAd1eRK5QeiLk3uwOoJ6vZAwmLHHulyPHD8sIWd2zo=mo,"W bingung banyak pom yg ga mau da berasalan ga bisa pake aplikasi ni, Sedangkan kan mesin nya ada,buat mobil doang katanya, Note,kalo bisa jangan ambil karyawan yg udah tua atau umur nya terlalu tua. Ga paham dan ga ngerti denga adanya mesin Pertamina.",1,4,4.2.4,2024-02-06 01:11:16,,,4.2.4
94bfd870-1fb4-4546-81a7-437f141d47ff,Joyce Angela,https://play-lh.googleusercontent.com/a-/ALV-UjUBlo6gqsb8n44IHgmfHR5-MFAJQN_LbAed0XpxmKQS99E,"Saya sudah beberapa kali melalukan pembelian BBM menggunakan QRcode tp pembelian saya tidak tercatat dalam app, saya mau menanyakan tentang hal tersebut, tapi saya tidak menemukan menu pengaduan atau menu sejenisnya.",1,4,4.2.4,2024-01-08 11:45:22,,,4.2.4
cd09ed65-2f5e-4bbe-a792-36d11d8005d3,SaFa Play,https://play-lh.googleusercontent.com/a-/ALV-UjVTHTwEtUNix-OzuOogkri1InF29ls-OFxgamXImGFvDBA,"Sdh sebulan QR CODE nggak bisa di download,,untungnya masih pnya screenshot QR code yg lama dan masih bisa buat isi BBM. ADANYA APLIKASI BUAT MEMPERMUDAH,KALAU HANYA MEMPERSULIT PROSES PENGISIAN BBM, HAPUS SAJA LAH..JANGAN NAMBAH SULIT RAKYAT YG SDH SUSAH HIDUPNYA..",1,8,4.2.4,2024-02-02 06:04:08,,,4.2.4
f06050f9-3a9c-4b9e-97d5-eae8855df4cb,Handri Wandoyo,https://play-lh.googleusercontent.com/a-/ALV-UjXPqmCshKV7_8HnAQfZSv9JxumWcK-20ShDPF-dpOmUag,"Sangat membantu di saat bensin habis kita bisa cek lokasi SPBU terdekat,cuma masalahnya adalah masih banyak SPBU yang belum menggunakan aplikasi ini dan jika ada tidak bisa untuk bensin pertalite",3,1,4.2.4,2024-02-16 00:32:14,,,4.2.4
c6bc445f-506b-4b37-a46b-c325d7431f6a,Komar Sripa,https://play-lh.googleusercontent.com/a/ACg8ocLhXX9ULklOrhsQqdrONFvaZkJyPItjB-z_eo7CbXtA=mo,"Aplikasi ini bagus tapi penerapannya sangat kurang,sebab ada SPBU yg belum ada aplikasi ini,ada spbu yg sudah ada pelayanannya sangat kurang sekali di karenakan suka mendahulukan mobil d banding motor,kami pengendara motor walau pun pengguna aplikasi ini juga bayar jangan d abaikan.contoh d spbu demang KFC itu suka tidak ada orang dan suka mendahulukan mobil saran saya 1.pengendara motor yg pakai aplikasi My Pertamina jangan d abaikam kami juga bayar bukan nya tdk bayar 2.pelayanan di tingkatkan",1,1,4.2.4,2024-02-10 03:11:17,,,4.2.4
10548552-65e4-48df-8451-dbdf472f4608,Atik Army,https://play-lh.googleusercontent.com/a/ACg8ocIW1t47JTeHQmmlbT5V4JHjLSZsdFJbtF2ClCOFqo2p=mo,Aplikasi sering eror. Tidak dapat membantu cust dlm pendaftaran dan mempersulit pendaftaran subsidi tepat. Tidak ada solusi sama sekali. Penjelasan buruk,1,1,4.2.4,2024-02-22 16:12:49,,,4.2.4
63829dff-092e-4954-bbb9-03e36ab55489,fathiavietrian 24,https://play-lh.googleusercontent.com/a-/ALV-UjXrJcej_gR7kdOCk2lrbxiQGiKRjnTrpCzMip5pSj-6JQ,Udah seminggu lebih apk tidak bisa digunakan selalu memuat ulang ( halaman tidak dapat dimuat) tolong dong min solusi nya bagaimana apk tidak dibisa digunakan üôèüôèüôèüôèüôè,1,4,4.2.4,2024-02-12 02:24:30,,,4.2.4
41b3e2d7-c030-453e-abaf-1d444554b197,rano,https://play-lh.googleusercontent.com/a-/ALV-UjV4p_N8t0u0B8XeMB-5kdRfbwBqxLRMZxsVpODDsGukwOA,Aplikasi sampaaah... udah daftar disusuh daftar ulang lagi di browser.. QR di aplikasi ga bisa dibuka lagi...,1,1,4.3.0,2024-03-10 06:07:12,,,4.3.0
4e538f15-c8e3-440e-99f4-1965d30d5dd7,Dwims,https://play-lh.googleusercontent.com/a/ACg8ocJSyIFQ4_MLpf3a70-Mwxa9MH_zpRnpVqB_EQWfjiT-=mo,Mau dapet barcode susah bener. Mau beli di SPBU ditanyain barcode. Mau dapet barcode lwt aplikasi nggak bisa masuk mulu. Butut bener aplikasinya,1,3,4.2.4,2024-02-21 10:27:25,,,4.2.4
971d2be6-4754-4cf9-ab83-27bd1162423a,Drahid 22,https://play-lh.googleusercontent.com/a/ACg8ocIEbPJF1dU_D3Ddm4oRtiVH16iSILOTtebQkiYuVQmA=mo,"Kalo ada rating min 10 sya ksih nih. Eror teruslah, yang nopol sudah terdaftarlah, yang ga bisa lihat barcode lah. Mungkin ini caranya mempersulit hidup",1,0,4.2.4,2024-02-10 06:30:39,,,4.2.4
5859a94c-255f-43cd-ab86-95cfbdf23202,Suhadi Ramadhani,https://play-lh.googleusercontent.com/a-/ALV-UjXSix-MyTWao71g6QHz5It1ydac148g69Z7lphufumiBQ,"Bersyukur aku blm daftar sepenuh. Ternyata banyak keluhan dari supir2, bahwa data tak bisa di ubah. Auto uninstall",1,4,4.2.4,2024-01-11 16:12:45,,,4.2.4
d0b63262-6f2f-49be-8827-62a13a9122bc,Muhammad Uwais,https://play-lh.googleusercontent.com/a/ACg8ocJtazFfB5HlqD8CVTHUgNStAVy6qxLne8ODkVQ7YVBQ=mo,"Metode pembayaran kenapa tidak bsa pakai ovo , padahal ada pilihannya tpi ketika di klik malah beralih ke linkaja , ngapain ada pilihan metode pembayaran klo ujung2nya cma bisa pake linkaja",1,0,4.2.4,2024-02-09 23:54:03,,,4.2.4
0d0d294d-2cdb-451a-94f3-cbf20ebca681,Jali Ghozali,https://play-lh.googleusercontent.com/a-/ALV-UjUAIUo9EDslnPiJQ9CeEzbRwrv4QCxWqA_SIzAHloEQCVo,Tinggal nunggu verifikasi tahap ke dua.. Lamanyaaaa.. Udah berapa minggu nyampe skrg blum ada jawaban jgaü§¶‚Äç‚ôÇÔ∏è Dulu mh klo bikin barcode ga sesusah ini ü§õ,1,0,4.3.0,2024-03-14 05:54:43,,,4.3.0
2437dc09-7736-406b-a8d8-b3548933e68d,SATYA UTAMA,https://play-lh.googleusercontent.com/a-/ALV-UjUIKJNOS2VCEXr258MjFd_nSE5iUHrVEdiuDx6nGFc_yaY,"Aneh, aplikasi pertamina tapi ga ada harga produknya, seharusnya kan di beranda dipajang, harga pertamax berapa, pertalite berapa, jadi kita tahu update harganya tiap hari",1,0,4.2.4,2024-02-08 09:42:30,,,4.2.4
56f8a97c-7c08-446c-8f41-9b6292cefb74,Samarendah SMD_KALTIM,https://play-lh.googleusercontent.com/a-/ALV-UjXyaz5tKC6NZPGahYR_-31AfSXvFyu4YQ-Q4ggqprOv8wI,Masih banyak kekurangan dari kemarin sampai sekarang ga di proses2 perasaan. Klo berani buka aplikasi berani juga memperkerjakan orang jaga aplikasi nya 24 jam siapa tau ada mendaftar bisa langsung di proses dgn cepat,1,0,4.2.4,2024-02-18 12:31:26,,,4.2.4
64d4790f-1dab-4b85-825c-8ee846aa9ef0,Sulis Tia Agustin,https://play-lh.googleusercontent.com/a/ACg8ocJ_FfmrNECayFuo1GTP7YtTv4Azdtck9NQ-bP_l86At=mo,aplikasi buruk... tiap minggu update bsa 3/4 kali.. tapi di improvment ga ada perunhan sama skli...,1,0,4.3.0,2024-03-04 14:56:35,,,4.3.0
20a477af-a01e-4854-b36e-671bcbf79c25,Terus Berkarya !!,https://play-lh.googleusercontent.com/a-/ALV-UjUiCXiTfJtas1kReJpqnukb5ZT1meI1YuAd4lylH4n-uhHb,"Mau ganti metode pembayaran pake ovo ,malah error terus ,kirain error sekali dua kali ,tau nya error selamanya.",1,0,4.3.0,2024-03-07 16:31:46,,,4.3.0
a5f753c6-c821-46e9-aa81-c923b340056b,Bi Gyas,https://play-lh.googleusercontent.com/a/ACg8ocIVlBaLY2SFdZDFVtd_NyMMkpgZv4DgquZx3lyYrjqi=mo,"BARCODE TIDAK BISA DI BUKA, HALAMAN ERROR. BUKAN MEMPERMUDAH PENGISIAN SOLAR JUSTRU MEMPERSULIT. TIDAK SEPERTI AWAL, LEBIH MUDAH UNTUK MENGAKSES BARCODE. UPDATE APLIKASI BUKAN SEMAKIN BAIK MALAH SEMAKIN ERROR !!!!!!!",1,7,4.2.4,2024-01-09 02:13:44,,,4.2.4
e1ea0212-6b47-4eb8-b694-8bac88ca8c69,Muhammad Rizky Agustian,https://play-lh.googleusercontent.com/a-/ALV-UjXSsWsLaMdGXVGNwaX-wTjByL1WLf2cL1iqQrC1rx0dhg,"aplikasi gak jelas.. disuruh login mulu daftar ulang mulu, kapan bisa dipakenya??? aplikasi pemerintah gini amat gak bisa lebih bagus apa?",1,0,4.3.0,2024-03-07 00:42:58,,,4.3.0
322ddeaa-d40c-497b-b806-5be95365515b,Ahdha Jangga,https://play-lh.googleusercontent.com/a-/ALV-UjXvFCh4GJ6ht6CgzTRCtueNaQfn0vbN54h8mVV8vm3L_4I,"Saya sudah pernah ferifikasi akun, daftar kendaraan lagi disuruh ferifikasi lagi. Muter aja disitu terus.",1,0,4.3.0,2024-03-22 17:09:33,,,4.3.0
dd25d917-26df-4466-ac22-100948318625,Andry Hermawan,https://play-lh.googleusercontent.com/a-/ALV-UjXMMxNsLKYcc5BhRm0n0OEZ0rONeDqnOkElSqza57GDAwWZ,"Pertamina nerapin aturan harus pakai sistem barcode, sementara sistemnya sendiri BELUM SIAP. Kalo di shell sih mudah bikin akun langsung dapet barcode",1,0,4.3.0,2024-03-10 01:53:41,,,4.3.0
16952350-ff37-4e8d-8f35-ba7e9d3d5919,Yunendro Dwi atmoko,https://play-lh.googleusercontent.com/a/ACg8ocIASsTNtGFDSrOeyBCPaM3HipufpxVoKRxl7NqssZ7R=mo,"Setiap isi pertalite katanya nomor tidak terdaftar BBM subsidi,padahal di aplikasi sukses terdaftar.....orang IT nya payah2...",1,1,4.3.0,2024-03-03 08:01:49,,,4.3.0
f9fe75af-54c1-4431-b542-dab1d063d6bf,Risky Malin,https://play-lh.googleusercontent.com/a-/ALV-UjU76y3Bg5bsNDCoFNah-cwclOjCuDVtaAJwoF_0H4N7-mM,"Tadinya mau pindah dr Shell, aplikasi nya Mayan ribet, tolong perbaiki dr metode pembayaran minimal bisa pake Virtual akun yg support. Maaf saya uninstall, mau kembali ke produk lain Terima kasih",1,1,4.2.4,2024-01-29 14:00:06,,,4.2.4
e408a505-17fe-4c02-a629-f17d943b27df,David Herlangga,https://play-lh.googleusercontent.com/a-/ALV-UjX_pcB0lQVdxMx109TRZTl3ArL1Mp807TeS9ITCwXGjNA,"kita diwajibkan membeli bbm dengan scanbarcode, sedangkan aplikasinya ribet pendaftaran/perubahan data susah, buka aplikasi saja eror bug,",1,0,4.2.4,2024-02-18 01:04:50,,,4.2.4
3783e1db-6a84-4b02-8d20-ca4493435b77,Editha Ariyanto,https://play-lh.googleusercontent.com/a-/ALV-UjU7s3_SPZHYkHtncwHj3x3WdLsUxLVFznjWEmkqerIIYM0,"Blum ad 1 minggu ganti hp, barcode tiba2 error. Tidak bisa beli solar subsidi. Padahal sudah login dengan akun yg sama. Harus diapakan aplikasinya??",3,1,4.2.4,2024-01-24 06:59:44,,,4.2.4
ce331045-33c9-48fd-b22c-1e8c63e41916,Nuril Fajar,https://play-lh.googleusercontent.com/a-/ALV-UjUgAIHSFCCcBe1zWFJvrf2f-4q7C7gO9904MDUhP8fkwRc,"setelah update aplikasi mau reset pin login muncul peringatan ""peningkatan kapasitas sistem"" padahal aplikasi yang bermasalah setelah komplain email cs suruh hapus cache dll. sampai saat ini malah belum ada balasan bagaimana kelanjutannya.",1,45,4.2.3,2024-01-03 02:33:50,,,4.2.3
d1ce87f6-69b9-4af6-b4d1-69be37ffc2ad,Gopal Gupil,https://play-lh.googleusercontent.com/a/ACg8ocKW3_8h_RyudymXqXttAhF7ptZMyNiUg--5VWvQioui=mo,Masih nol penggunaan di bulan ini di aplikasi Tetep ga bisa isi di SPBU Bilang si petugas SPBU bilang baru saja buat isi kok ini mas harus nunggu beberapa jam lagi Eee??? Makin ga jelas malahan Mobil baru keluar ini,1,0,4.2.4,2024-02-14 05:59:09,,,4.2.4
cafbb437-5991-4f99-8cdc-ba242b7d59c3,Rahmat wijaya,https://play-lh.googleusercontent.com/a-/ALV-UjV0VgdKXIZKK90UnbVCOW-L4olFeuJmziDVNAYJ07mj0Q,"perusahaan negara udah kaya milik perorangan,,awalnya isi solar pakai limit kuota,sekarang berubah lagi dlm sehari maksmal 3x isi solar padahal kuota msh sisa byk..dan isi solarpun jaraknya beda jauh ratusan kilo tetap tdk bisa karena sudah 3x isi..makin mempersulit rakyatnya sendiri ini perusahan negara.",2,0,4.3.0,2024-03-05 15:06:51,,,4.3.0
84048d17-2981-4c95-89b9-4c6afcfd0349,Ardiansyah Ardy,https://play-lh.googleusercontent.com/a-/ALV-UjV4xWoNafxoheNMcunTVKyLGANi0FsB67O7h5dxeEoSE3Q,"Ga semua spbu dengan awalan 31 memprioritaskan pengguna my pertamina, kadang di suruh antri di jalur mtr dengan pembayaran cash serta petugas spbu ada yg ngeselin klo menggunakan aplikasi ini( tidak ramah) .. Mending balik lg pakai user cash lah + kalau di awal ngisi 25 tapi tanki cuma cukup 22 kekurangannya Tidak bisa dikembalikan jdi uang cash(kembalian?..",1,0,4.3.0,2024-03-03 13:19:10,,,4.3.0
16f812b8-5e2e-4a4b-911a-6327a298d94c,Andi Pradana,https://play-lh.googleusercontent.com/a-/ALV-UjXNYIhkxEv9GeYDgNzKnma52Hr0oxxDqGt0MnsvzXAZLhw,"Aplikasi semakin hari semakin busuk,,,barcode yg udah trdaftar ga bisa dibuka,,apk apaan ini,pembaruan malah bugg.mempersulit malahan",1,6,4.2.4,2024-01-26 05:09:25,,,4.2.4
1d920d57-65c5-4ef9-b0b7-feb950bb8801,Tono Nano,https://play-lh.googleusercontent.com/a/ACg8ocKgzLCzhoj4ydd9imOQDRpAU1077usoUeHT1O5AsXY63A=mo,"kacau , BBM dah nipis mampir pom malah barcode ga bisa dibuka error sampai uninstall & install lagi dan masih aja error",1,0,4.2.4,2024-02-09 07:10:41,,,4.2.4
71241922-9718-4d91-92e7-2f637b4227f9,Anggi Jaelanis,https://play-lh.googleusercontent.com/a/ACg8ocIpxclsJe8141icilGGu0DtTwzpR_yVviYZeGYysmZh=mo,Saya daftar proses verifikasi sampai melebihi 14 hari kerja dan tidak ada pemberitahuan untuk melakukan pendaftaran ulang . Buang buang waktu,1,0,4.3.0,2024-03-16 06:21:11,,,4.3.0
55f50560-d5e1-4cd3-a7bd-a2f82932b131,Mifta Abdi,https://play-lh.googleusercontent.com/a-/ALV-UjXBBL1wWZcxEH9oitfap_YePT2CcSQADw1mjkhY9VK9CUg,Tidak bisa download barcode. Bugnya terlalu banyak min. Mohon diperbaiki. Terimakasih,3,0,4.2.4,2024-02-28 14:21:36,,,4.2.4
31d9d270-0b1e-428e-8a14-6157bc14b637,Muhamad Rajib,https://play-lh.googleusercontent.com/a-/ALV-UjWm7RH1F0hqyuXykVtE1FT7cNWkb7yTPmD0yKWZWW8GOQ,"Apa yang baru? (Perbaikan BUG). Tapi tetep aja ngga bisa scan QR dari mesin edc SPBU, sedangkan dari aplikasi E-Wallet langsung ke detect dan berhasil. Minta tolong lah kalo emang mau aplikasi ini di rating bagus sama pengguna di coba untuk ""Scan QR"" dulu di perhatikan, baru promo atau semacamnya. Makasih",3,19,4.2.3,2024-01-06 08:35:04,,,4.2.3
2d1f0805-ee92-4b06-80fb-6fffa82b0725,Fredi Sukoco,https://play-lh.googleusercontent.com/a/ACg8ocLXJRawt8njI9AxP88VQj_rm5QFMOgd5pYf2zC-1oEq=mo,"Baru juga daftar tapi waktu mau login malah ada keterangan salah pin /nope,pdhl sudah bnr, trs suruh ditunggu 30mnt",1,0,4.2.4,2024-01-10 14:28:34,,,4.2.4
ffcb1aaf-889c-405b-bf9b-899d8faecde1,hendro yuwono,https://play-lh.googleusercontent.com/a/ACg8ocKHLHmI8fpZHh5bskAJVdixGFAfCg4QuoXlT2lhytXC=mo,Kenapa hbs di Update malah aplikasi gk bisa dibuka. Sementara kasih bintang 2 ya Min.,2,0,4.2.4,2024-02-25 02:00:02,,,4.2.4
2dfb820f-b423-4b3f-b0fa-c3514b6a2c51,Totok Riyanto,https://play-lh.googleusercontent.com/a-/ALV-UjXw0IeZSao0AjREVt4y8JprQTKpqd3DONmVt6dFUuIL-M0,App nya diperbaikin disaat mau masuk barcode halaman web todak tersedia ini sudah berapa bulan mohon di permudah pengunaanya,1,0,4.3.0,2024-03-21 03:33:38,,,4.3.0
e09e6f51-8778-4135-a4cf-66f32c64dc1b,Yudi Setiawan,https://play-lh.googleusercontent.com/a-/ALV-UjW78NBR4IlvHvl7izuJw-pwTOBWnYfSNGMpYvzQ8XWt7f4,"udah berapa kali pembaharuan Aplikasi yg baru, Barcode tetap tidak bisa didownload atau diprint, seringan logout sendiri",3,0,4.2.4,2024-01-09 23:25:49,,,4.2.4
19054af9-254a-48c8-8877-bcd102f2d007,Nadifa Shanum,https://play-lh.googleusercontent.com/a/ACg8ocL_JZTIyzcsYOHZheQiPFDDuSsmG6jdA0MLNWsJWYH8=mo,Apk gk jelas lagi urgent nya pas menghubungkan ke metode pembayaran malah terjadi kesalahan sampe 3 hari di coba selalu kek gitu.,1,0,4.3.0,2024-03-07 19:29:38,,,4.3.0
c0174854-f0ba-40b7-986d-7a7bafd37a74,ADI Cargo,https://play-lh.googleusercontent.com/a-/ALV-UjWV9Xjb_FzsfMUNM_ikspKTlpisTo5NfMBvjdWV2Vuu3A,Aplikasi sampah. Gak guna. Tiap di butuhkan buat scan qr malah gak respon.,1,1,4.3.0,2024-03-02 14:45:46,,,4.3.0
af0b2ae6-9e97-4872-a0aa-a21cc7f95952,Cecep Roni,https://play-lh.googleusercontent.com/a-/ALV-UjVCBjKbF3EN_d7I1QMdeUymMLJ_fVnMse_PdD2w9HAMljQ,SDM kita belum mempuni untuk menggunakan program seperti ini Mau isi bensin gabisa harus pake QR CODE sedangkan mau daftar ga bisa aplikasinya malah ngbug Tolong siapkan SDM yang cukup untuk membuat aplikasi,1,1,4.2.4,2024-02-07 07:39:40,,,4.2.4
34559264-3392-43d7-8203-c70f6dfa1f54,Sutarno Joyo,https://play-lh.googleusercontent.com/a-/ALV-UjUhknMfONeZmJpS6lEWNEXHRttQnM13NunMHg4NKRL0_eE,"Aplikasi sampah ya kok gk bisa kepakai ini, ada perubahan no kend kok ribet banget, kyak ada main ....",1,1,4.2.4,2024-03-02 02:41:55,,,4.2.4
5bd71085-6f00-4bb4-8895-fb85b8ba44ba,Yudhie Love,https://play-lh.googleusercontent.com/a/ACg8ocIYIBSSSK8SUR9fkvKZ51MbfuxjwD5vDe9SNXeaAW1F7Q=mo,"Parah.. laman barcode error tidak bisa di gunakan. Sudah antri lama, buang-buang waktu.",1,1,4.3.0,2024-03-03 09:45:47,,,4.3.0
70ca02bc-1548-4932-8115-83e1ed2edd74,YOPI ARISKA,https://play-lh.googleusercontent.com/a/ACg8ocJwv2hoAmqrZDEDvZ5L5u0Dm1bFq454te9lvipAffMx=mo,"Apk susah dibuka, sering ngebak, mw daftar subsidi stempat udah waktu verifikasi ny lama, abis itu ada aja kendala, inti ny ini apk buat susah org",1,0,4.3.0,2024-03-07 11:24:12,,,4.3.0
e22b75b3-31b8-4bc9-9937-2089c8564d80,Danang Rahmayanto,https://play-lh.googleusercontent.com/a-/ALV-UjXW09MsCBXKaiUxqQ9ek07DeoKm7xwqdX1PshMgcnbwRYY,"Disuruh Update, sudah di update bukannya malah lancar tapi malah error. Isinya cuma Bug",1,0,4.2.4,2024-02-08 23:49:27,,,4.2.4
95fe95d9-7140-4fd5-ab9c-9f7f9a1d2cc4,Milik Anda,https://play-lh.googleusercontent.com/a/ACg8ocIRG7Ol4rn2lfOECsz2ucqjtiGlihN1Fw7cV1iPGxhE=mo,Gabisa di edit pengubah kendaraan & ga ada fitur menghapus akun langsung dari apknya. Nyesel download nih apk.,1,0,4.3.0,2024-03-06 17:55:12,,,4.3.0
fac8e7f2-5a99-4c3e-9467-4c07129b4c70,Resky andrean,https://play-lh.googleusercontent.com/a-/ALV-UjWybRZfFHEXw0dwek_pA2pcrD852pBhhyyV3DQX1i5WhA,"Melihat cara orang kemarin transaksi pakai aplikasi Mypertamina masih ribet banget, harus scan qr code dengan petugas pom nya, kenapa tidak di sediakan saja qr code nya di setiap mesin untuk bayar biar lebih simple lg",3,0,4.3.0,2024-03-10 11:07:50,,,4.3.0
c3b734bb-6cc0-4821-a3f7-80e348a16be9,Selamat YT,https://play-lh.googleusercontent.com/a/ACg8ocKGllLlOfOPSoDDviv7cW5EJsnO12khbE8SQ0KY3bVM=mo,"Ini kenapa aplikasi di fitur subsidi tepat untuk mendapat qr qode gak bisa dibuka, malah halaman web tidak tersedia:(",1,0,4.2.4,2024-01-30 11:40:26,,,4.2.4
a5ab1b8c-99a5-4ce4-af77-12bb63e7e3cf,Dedy Kurniawan,https://play-lh.googleusercontent.com/a/ACg8ocKPM265OnK7ddnnkFyF_uxQy_Y5s0KlAYJhML_11y6p=mo,Setelah update malah gak bisa download QR code.....proyek anyar isi dompet...... bikin aplikasi ke developer murah .indonesia sedang tidak baik¬≤ saja,1,0,4.3.0,2024-03-10 14:14:43,,,4.3.0
6448946d-cc36-4a96-8569-bc666d4582c6,Rusdiana Hj,https://play-lh.googleusercontent.com/a/ACg8ocKTtc2CSNTQneVh4Wl2dSIarxMRwnvdW0Gw6M_7_njI=mo,"Hbs diupgrade malah susah dbuka,,masukin 2 data unit punya sendiri aja selalu salah difoto.. Haduh maunya gimana aplikasi ini",1,0,4.3.0,2024-03-02 11:16:43,,,4.3.0
20475777-695b-43f1-ad62-6e51f08f2123,Moh Agus Supriyanto,https://play-lh.googleusercontent.com/a-/ALV-UjUS77EEGM9xrf4FdOuurOswr-ht5d8kxNSwOx5WKRtxyQ,Terlalu banyak pembaruan dan terlalu banyak persyaratan jadi kami para konsumen bukan lebih terbantu malah semakin di persulit untuk mendapatkan QR code,1,0,4.3.0,2024-03-12 02:36:49,,,4.3.0
81efcaae-3ab8-4510-9d56-e905f51b7e71,kris suryawan,https://play-lh.googleusercontent.com/a-/ALV-UjU2J1CIdtcHML6GzpA0GCVtR_q5Bpa7zttl6LowXKeoyA,"Aplikasi qr code error, info ke cs email dan dm ig tidak ada respon, bukanya memudahkan malah nihil.",1,0,4.3.0,2024-03-15 17:10:54,,,4.3.0
ff7734db-ac85-415f-8a86-b2dca3b11e15,Mhd_Arief Alj29,https://play-lh.googleusercontent.com/a/ACg8ocKo7vfiqgWH3BMjMemRm5imIGHQLRoYYaMHrDEBs0mq=mo,"Coba di-update lgi, ini banyak spbu yg tidak masuk di aplikasi nya dicari dimaps ga ad",5,0,4.3.0,2024-03-18 05:01:47,,,4.3.0
7cea7ff6-e2ab-4ed8-9b73-f289e71beaed,Dd Cadel,https://play-lh.googleusercontent.com/a-/ALV-UjWvJMDUQfAklWhwp7_bs6Xp9CdLmZ3kqDRPP8KLkehDhQ,"Tolong dong jgn cuma dibuat aja ini aplikasi tp lama bgt ga di verifikasi akun qt daftar disini, buruk bgt,menyusahkan ini mah, bukan mempermudah",1,0,4.3.0,2024-03-15 06:40:14,,,4.3.0
2315d9f6-8580-4e5e-b5ab-511c3b8e7181,Akhmad Rasyidi,https://play-lh.googleusercontent.com/a-/ALV-UjWk-vdzeGRSdZOp_sA2DHU-pNT9f2MXob0u5ybQN6VqF-E,"Sudah satu minggu ini error, dihapus dan download Lg tetep error, tapi cuma terjadi di hp saya",1,1,4.3.0,2024-03-07 23:37:48,,,4.3.0
9c466f34-2ec3-4bc0-a06d-94c8d65ead81,Irma Wati,https://play-lh.googleusercontent.com/a-/ALV-UjXP36ZJHuRNpJbfACoSX8uVYkPoo1w1NFcOWJq-gQ7d6bw,"ga semua spbu suport trnyata, tolong di perbaiki yaa tiap spbu nya,apalagi pertalite kebanyakan gabisa ini.",1,0,4.3.0,2024-03-02 04:40:59,,,4.3.0
2193cf9e-1046-4d5f-b103-49de427ad0db,gamal aydrus,https://play-lh.googleusercontent.com/a-/ALV-UjWMqBWbqDxYS7q5VvjTkvmt7zG0wdWCFZGvqof7yUvLeQ,Gak jelas aplikasinya mau pulang dari Aceh gak bisa isi pertalite barcode udah keluar eh sekarang menunggu verifikasi,1,0,4.3.0,2024-03-07 07:13:39,,,4.3.0
cb2940cc-5552-414c-aa1e-17f652b722df,Andi M,https://play-lh.googleusercontent.com/a-/ALV-UjVoBds4DqrsQ0e6SKUROlfHbAhTTtQ0_OMbb4zc779Sbf1O,"Setelah diupdate malah tidak bisa diklik, sampai mode bayar",1,0,4.3.0,2024-03-09 02:15:46,,,4.3.0
248bd79b-8405-420d-b173-ee42962639ad,kusnadi tatang,https://play-lh.googleusercontent.com/a-/ALV-UjXECxtug9Fp0bi-5JTRj5xkb0YDMH5JfLa9rfFW2qodew8,Tidak bisa dipakai ada bug dj sistem pakai layar di redmi note 10,1,0,4.3.0,2024-03-19 03:54:56,,,4.3.0
13fa75f5-bd5f-480d-9abd-95fabda6bcb9,ahmad alfattah,https://play-lh.googleusercontent.com/a-/ALV-UjXzk4RBZHupJqOLtMdJe85q-yY_hsQEhLJyCe78mOcDJg,"Kalau ada bintang nol gw isi nol bintang nh aplikasi,kalo bisa dipersulit kenapa harus dipermudah motonya bgtu ...udh bnyk ulasan buruk tapi ga ada evaluasi dan perbaikan ...bikin aturan yg harusnya tujuanya bagus tetapi bnyk mudhorotnya nh aplikasi ..mempersulit ...siapa sh yg punya usul ini aplikasi dn seterusnya ...ga sadar apa wahai beliau2 kalian tuh justru mempersulit ...",1,0,4.3.0,2024-03-08 03:08:52,,,4.3.0
fb15eb6b-20c1-49ed-bb71-987e5cd2f898,Daniel Gurnita,https://play-lh.googleusercontent.com/a-/ALV-UjXCk3QUkAq-ZfbpLUREXEY2xSAraRIaz2SLRaAboQJUPNQ,Kalau belum siap. Ga perlu lah buat buat aplikasi begini. Buat apa kalau nyatanya dialihkan ke browser.. aplikasi lawak,1,0,4.3.0,2024-03-08 03:41:14,,,4.3.0
921626b0-391a-429c-a359-df816ac429fc,Vili ansyah,https://play-lh.googleusercontent.com/a-/ALV-UjVSsDtDTrNJQD8HxK5Y4SKJ5naELx37WIwv7N6ZLsR8eWc,Aplikasinya tolong dibenerin lagi saya mau menghubungkan dengan e-wallet gak bisaa bisaaa anehhh,1,1,4.3.0,2024-03-09 16:32:43,,,4.3.0
8ff1bf8b-6782-4c5d-a5f4-62e2ee8f2dfc,Darshoe 028,https://play-lh.googleusercontent.com/a-/ALV-UjXk-2t6M2_5JHznL8iB-JMZEPqs7GOUA78o01nITY-ljA,sudah nunggu beberapa hari daftar tidak ada verifikasi. padahal dulu bikin langsung cepat verifikasi melalui email.tolong untuk evaluasi aplikasinya?,2,0,4.3.0,2024-03-15 03:28:46,,,4.3.0
e10ba5ab-d984-42f0-b845-88483a916406,gilbert hutagalung,https://play-lh.googleusercontent.com/a/ACg8ocKbH6JEV6Fp_HUp6eN_4EOapXmn7OSnBdQ8kq2JYgdH=mo,"Parah nih aplikasi, mau log in ga bisa, trs mau isi solar ternyata barcode nya udah melewati limit harian pengisian solar",1,0,4.3.0,2024-03-12 08:24:34,,,4.3.0
4d136d8c-ae37-4310-8710-434b1ab94ad3,Fatih Alhabsi,https://play-lh.googleusercontent.com/a/ACg8ocLaKYwvug1mK4xWjBs8DSGKg7-rEG7PjlQBIQQlb5P1=mo,Percuma ada apk mypertamina pombensin nya langka yang menyediakan layanan tersebut banyak pom bensin yang menutup layanan. Jadi punya apk mypertamina tapi gak bisa di gunakan.,1,0,4.3.0,2024-03-10 05:58:06,,,4.3.0
f4f14e27-2525-45cd-8df7-579106fa14e0,Ricky Sanjaya,https://play-lh.googleusercontent.com/a-/ALV-UjUgIx-ni_o9lR87GYXjGWzoRWdvxbs1qzV_1gId59JvlsE,Aplikasi error. Aku coba hubungi mypertamina melalui e-mail juga gak guna gak ada jawaban sama sekali,1,0,4.3.0,2024-03-22 15:52:18,,,4.3.0
bcd6e7b7-3842-4835-9cb1-501ca3c9381d,vespa house,https://play-lh.googleusercontent.com/a-/ALV-UjUYYi13pCaHwmqY3URhL2q8sPEDwD-Ur6FNMhLVazUK2g,"selain apk nya sampah , karyawan SPB u nya juga nyolot ... ga ngerti org suruh download, udh download dia ga bisa cara daftar nya alibi nya di sini sering erorr",1,0,4.3.0,2024-03-11 23:52:48,,,4.3.0
da8d7db4-4b8b-4e68-988a-c10720471784,Dimas Chriz,https://play-lh.googleusercontent.com/a/ACg8ocI854eo-7HKg34zVDk5ltbEqj6m372txYGIeLkWVCCx=mo,"Makin kesini operator 135 tidak merespon , malah makin berantakan. Benar2 tidak berguna.",1,0,4.3.0,2024-03-22 15:45:14,,,4.3.0
4d08bf64-7294-47f5-8273-4e8acc19dba2,Nina Depin,https://play-lh.googleusercontent.com/a-/ALV-UjXn0XFA8vBlBImNjpwxos43C5FfZrf13-GIiSfujipdHqY,setelah aplikasi diupdate mau login aja kok susah ya,1,0,4.3.0,2024-03-20 04:02:48,,,4.3.0
94b0d719-a176-4664-8e30-e8cd474e2945,Mokhamad Adityas Amanda,https://play-lh.googleusercontent.com/a-/ALV-UjVLnHMQoMI6pgGMbg07wbG0c6Io9vMZDg1gkbPYJd33MW4,Ayooo dong . Pembayaran ga usa melalui link aja . Masa harus download 2 aplikasi buat bisa bayar lewat mypertamina,3,0,4.3.0,2024-03-04 22:58:46,,,4.3.0
19800582-321f-4f10-9682-767534f6af97,michael hary (Mc Hary),https://play-lh.googleusercontent.com/a-/ALV-UjVfy9jijAm7-Lkch3nWijf1rI5rT8cTXcmi4LOC0LjSd9k,"Plat nomor ganti, tidak bis isi bbm krn qr ga muncul",1,0,4.3.0,2024-03-11 02:15:22,,,4.3.0
41323f0b-ffb5-4ab0-82a4-63715e4bcd47,Nia Kurniadi,https://play-lh.googleusercontent.com/a-/ALV-UjV0F9W9KVGhmNuG_kQ91D5fRn70hywmzhyr0ji6exn66wE,"Amplikasi bobrok,gabisa di buka sama sekali semenjak di perbaharui",1,0,4.3.0,2024-03-14 06:50:50,,,4.3.0
ddafd13f-159d-4c4c-a6dd-44d5204b168e,Umar Faruq,https://play-lh.googleusercontent.com/a/ACg8ocJo8BUMe4u1D-5193Sm63_YgswbqgoXtHjRnQOAIit1=mo,"Pendaftaran yg sangat lama, ga ada yg bisa kerja ya/memang sengaja rakyat di persulit beli bbm",1,0,4.3.0,2024-03-17 01:51:24,,,4.3.0
ad5f265f-4762-4aae-9a85-96578e44b87b,Kenny Winanto,https://play-lh.googleusercontent.com/a-/ALV-UjW4415GpWEf71xbfceBjDuG2tFBMQHBU8tOwdEROK6odUY,"UI makin bagus dan mudah, tp kekurangannya tidak bisa download QR. tolong di benahi",4,1,4.2.4,2024-01-09 03:35:29,,,4.2.4
25a9d1ee-7397-4d73-a84b-a7e604840dcf,Rico,https://play-lh.googleusercontent.com/a-/ALV-UjXvImXz0qjLCc1nb2_tK6MRBRP2lfCvQhrUNWwYTaxL7g,"Aplikasi tolol banyak bug nya cok, malah bikin ribet anjink pas udh di update",1,2,4.3.0,2024-02-29 01:19:18,,,4.3.0
f1f61c31-c6b0-433b-a1d7-d768193dcee2,Tama Uzumaki,https://play-lh.googleusercontent.com/a-/ALV-UjV7pKEAI7ATQHPEvqtrU2I6CUx7LZ7iHo7Wjr1TcFuWnQ,Jangan terlalu banyak update lah.. Jadi bingung klo pas mau isi bbm... Posisi scrol subsidi tepat rubah 2 trz bikin bingung habis update,1,0,4.2.4,2024-02-10 02:46:09,,,4.2.4
acfd745b-858b-43c5-b5f7-83755298cd9b,Humairah Al habsyi,https://play-lh.googleusercontent.com/a/ACg8ocJg8bMtYq3PdaMiHHuJ7sP4NTG-KxFEF5ds1JrhotAa=mo,"Percuma Download Apk ini,sulit digunakan,ditolak di Pertamina dengan banyak Alasan,harus pakai minimal lah,tdk bisa inilah dan itulah,lebih baik hapus saja",1,0,4.2.4,2024-01-10 02:53:05,,,4.2.4
87812704-f904-48bd-aec7-287f2f64b649,Adit Mulyadi,https://play-lh.googleusercontent.com/a/ACg8ocKfeM38T72Iumz6dNofprA6zbkTg5KrYeCp8_r_gFXx=mo,Aplikasi apaan ini masa mau daftar bikin barcode susah nya minta ampun. Sangat sangat mengecewekan kalo belum siap untuk mensejahterahkan rakyat jangan mempersulit rakyat,1,0,4.3.0,2024-03-13 07:00:54,,,4.3.0
62d820b4-6f8a-4ec1-89a4-5ce3c5e75aee,wieldan aries,https://play-lh.googleusercontent.com/a-/ALV-UjWoK-VFHhuS16Iua_-8h5D4pX5-I0xlEEKuHrlGIcBseg,"selamat pagi. pas buka aplikasi bisa masuk. tapi pas lihat kode kenapa selalu gagal ya? bener"" aplikasi tidak layak ini. parah ..",1,0,4.2.4,2024-01-26 02:57:09,,,4.2.4
e33ebf33-d125-4e03-8b0e-1982352204f9,Carlos Putra,https://play-lh.googleusercontent.com/a-/ALV-UjXH8MJDxRbGS3nDMvMDX7WIAbGx9kuk4K465PJRHjF5WQ,Bikin barcod segitu susah nya .dipermudah apa gak bisa..kita sopir jgan dipersulit,1,1,4.3.0,2024-03-05 00:43:26,,,4.3.0
f7ee4ba8-f7a7-4bd4-9cbf-e4aec988f349,Nuri Saka,https://play-lh.googleusercontent.com/a-/ALV-UjUU0eH4FxvTBqC84O8xwTfASt9wV5q1buyRViLVqjeIfQ,"Buka qr code ndak bisa,trus solusinya gmn klo mau isi bbm klo ndak bisa buka brcode ,aplikasi sampah hnya utk kpntingan tertentu,merugikn rakyat kcil",1,0,4.3.0,2024-03-17 02:41:37,,,4.3.0
332e3efe-f466-45dc-b773-4438a1351111,retno waluyati,https://play-lh.googleusercontent.com/a/ACg8ocKvy_VDU1FEJpUbCiOzyH2wgacUUrqx7F4pg7vlRspB=mo,"Maaf my pertamina kenapa di apk tidak ada opsi untuk merubah data data kendaraan kasihan pengguna sudah ada barcode tapi tidak bisa dipakai dengan alasan nomor kendaraan yang di barcode harus sesuai dengan plat nomor yang baru , padahal namanya kendaraan pasti suatu saat ada perubahan data karena ganti kepemilikan, ganti kebijakan dari pemerintah Mohon jangan terlalu mempersulit masyarakat apalagi yang aktifitas sehari hari harus berhubungan dengan kendaraan ( driver )",1,10,4.1.1,2023-12-28 04:19:43,,,4.1.1
a5d9ae8e-1212-4ed3-90f2-603e18e975a5,Muhammad Yusuf,https://play-lh.googleusercontent.com/a-/ALV-UjVI-Gcfk_ABJPmtJCsAnRwg5SZoPClGzp8I7hWnFDAbFLU,"Udah daftar ga bisa login, salah pun terus aneh. Dan nomor hp yg terdaftar berulang x ga bisa juga. Kocak",1,0,4.2.4,2024-01-10 05:07:30,,,4.2.4
465d47ec-e47c-4ef2-99b1-f9523d1285b7,Siti Mun,https://play-lh.googleusercontent.com/a-/ALV-UjVUFpcPxz-8iHAaPv8X8ZQE7BP_U0pe1Xr8KFtbVPy27Tk,"Menunggu verifikasi dr 3 hari belum ada tanda2 mau di acc, ga bisa berbuat apa2 hanya bisa menunggu saja",3,0,4.3.0,2024-03-22 04:21:28,,,4.3.0
1ad7db0f-f05a-4e33-a9b4-fe347920da84,Muhammad Irzhank,https://play-lh.googleusercontent.com/a-/ALV-UjXwuR7XZW_F-q5WQmNTS8oLGbJOAwdK-OTFXjHPg9q-A8c,"KTP dan password tidak benar padahal udah cocok, gak jelas banget anj!!!",1,1,4.3.0,2024-03-01 02:26:37,,,4.3.0
f4e234e5-abc9-470f-9b2a-8454ab203408,Nasir tutorial,https://play-lh.googleusercontent.com/a-/ALV-UjXpEqKmjcTK8UOKQxxgzV0O7JggCiT07yMp5X_IwnSx,"Saya sangat kecewa, karena saya sudah mengajukan penghapusan nopol lama, dan adu banding data, namun belum diproses.",1,0,4.3.0,2024-03-13 10:14:51,,,4.3.0
f254b0c5-8591-429e-a5ac-0b0ff4aa5a93,Harjo Salam,https://play-lh.googleusercontent.com/a/ACg8ocKNsdBe3WH88BdYZGghfnhStdW-zbUAuyNTP5mu3xJV=mo,Kenapa setelah Daftar Aplikasinya keluar sendiri. Kemudian tidak bisa digunakan. Sangat buruk,1,1,4.2.4,2024-02-22 22:34:18,,,4.2.4
8bf5e2a1-4e63-43f9-b01d-3b0af17676ce,Sutejo Sinaga,https://play-lh.googleusercontent.com/a-/ALV-UjWvrjjl3nRSSuwwlhjZSdjyjszpnlcJVfgKTOuWN0RpSIc,Apaan aplikasi kayak gini. Mau masuk aja susah. PIN selalu salah. Sengaja buat yg gampang PIN. Kalau ga niat buat APK jgn di buat. Makan gaji buta yg buat apk,1,0,4.2.4,2024-01-16 09:38:49,,,4.2.4
00999afc-8746-4c37-80eb-d5e78be09cf1,Dwi Christiantoro,https://play-lh.googleusercontent.com/a-/ALV-UjUp8DP14597ifq8NefW16kpqNpVe_k8_NnMq1V6QQx1hqw,Bug nya banyak bangetttt. Ada promo tiap d klik ga bisa2. Gembel bgt nih Perbaiki dlu lah,1,0,4.2.4,2024-01-26 01:08:15,,,4.2.4
e58a58f9-e958-4001-b6bd-5350bea58b9e,dwi roy,https://play-lh.googleusercontent.com/a-/ALV-UjWenE2R8A5L6h33FOpvbynCNfFmSB_NoAnMjWLGk7biig,"Sudah sekitar 1 bulan lebih qr code subsidi tepat tidak bisa di buka,membuat saya dan pengguna bbm bersubsidi tepat lainnya terganggu. Mohon di perbaiki agar lebih bermanfaat.",1,1,4.2.4,2024-01-20 01:41:30,,,4.2.4
2529d1e7-650d-4b1e-913c-8382aa7c9e34,Ilham Ramadhan,https://play-lh.googleusercontent.com/a-/ALV-UjWEtoGoe2h7RWtGIpoWnI7gQWB7n8vsUcMKK_0ST8H5uGw,"Masih banyak Bug sudah mau diwajibkan buat isi bbm, mbok ya di test dulu, lihat kode qr sendiri aja susahnya minta ampun",1,1,4.2.4,2024-01-24 05:39:40,,,4.2.4
dbbf6d5c-4332-4f43-89a2-11c21404c20e,Senopati 27,https://play-lh.googleusercontent.com/a-/ALV-UjXka9vP1d0_-31kzQ_Idtdgfi6qQXo81_yk7xYE5B0A4zI,"Suka keluar sendiri pas pilihan pada barcode, harus login ulang lg dan verifikasi ulang lagi,, buat ribet",1,1,4.2.4,2024-01-09 02:07:55,,,4.2.4
0e700634-6646-4b54-889f-4483f0977f96,Brutha 44,https://play-lh.googleusercontent.com/a/ACg8ocLAO89W4M04ZRegl6R47EQ69wnn_h3Lk4D3hNX_6US5=mo,"Pantkkkk ga bisa daftar subsidi, kesalahan jaringan mulu, halaman tidak dapat di muat. Tollollllll",1,0,4.2.4,2024-02-09 07:32:07,,,4.2.4
d1c2997a-615a-48d8-924d-cd30747dfa73,Jamaluddin Jamaluddin,https://play-lh.googleusercontent.com/a/ACg8ocJ65YFsdQoTRZLtfoEO8yTvXM-CPqi2ZiZca1D9Of3t=mo,Kenapa QR saya saldonya sering terpotong / berkurang. Tanpa saya isi solarnya . Gimana klu ganti QR baru,1,0,4.3.0,2024-03-07 02:59:03,,,4.3.0
4d2d6798-c527-4291-a154-917c4b13067c,RIZAL BUSSYAIRI,https://play-lh.googleusercontent.com/a/ACg8ocL5tLuXz9JMASzOaiSCza-B6LuDvThBgkdrBzvGDGQd=mo,Tidak ada pilihan pembayaran cash. Sering terjadi operator salah klik pembayaran yg seharusnya pembayaran e wallet. Alhasil poin yang seharusnya didapat hangus.,1,4,4.2.3,2024-01-01 07:40:15,,,4.2.3
e5deb084-05a6-41e8-9ec4-a520d87490eb,kurniawan iwan,https://play-lh.googleusercontent.com/a/ACg8ocIGtu0dy8nfGn20m2ZSfpt6W-vPyT11bibdDLxzGVxC=mo,"Masya'Allah,ini Apknya...sudah di update tp tetap saja susah masuk kembali,sudah berhasil masuk,sering Log Out dan ngulangin dr awal lagi terus,begitu per 4hari kadang 5hari sudah loq out lagi... Ini cermin IT nya,yg kurang canggih..",1,8,4.2.3,2023-12-31 01:37:23,,,4.2.3
f45d505a-7848-4169-86c3-284116288cdc,Raffi Rama Kusumah,https://play-lh.googleusercontent.com/a-/ALV-UjXsjuq_iMiNJf12oJp0YHra8XU9BXgiQ40rUVncCOxKJYo,ko di laman tukar poin dengan voucher bbm ga bisa dimuat? tadinya pake mypertamina biar ada bonus lumayan dikit dikit jugaa. tapi ternyata ga bisa padahal sinyal kuat kuota banyak. tolong diperbaiki,3,4,4.2.3,2024-01-06 08:06:15,,,4.2.3
64ce8821-c6d0-472f-9ade-5a22b8a46d1b,chairil anwar,https://play-lh.googleusercontent.com/a-/ALV-UjVF0UWJuVzMkNUSxHY0Yie7weXhucPStu4Hvslzb9iCzw,"Jangan sering buat force update lah, mau isi bensin mesti update dulu, contoh aplikasi mobile mandiri, ada waktu, ada kesempatan sebelum HARUS update aplikasinya.",2,4,4.2.3,2024-01-14 03:39:21,,,4.2.3
4e41347f-4c16-40f2-99c8-3100bdbd217d,Faris,https://play-lh.googleusercontent.com/a-/ALV-UjVpMz5iEnUYkaU6MKaUEZQ5Wdz4gX2aJgbZVxKYBQoIds8,"Aplikasi tidak bermutu, masuk akun tidak bisa karena keterangan NIK dan password salah, buat akun baru pun katanya sudah terdaftar.",1,7,4.2.3,2024-01-05 01:10:27,,,4.2.3
c4f3180a-cf9b-42d3-acd1-eabab9271463,kholiful hasbi,https://play-lh.googleusercontent.com/a-/ALV-UjUlRAZPge4curgCUe0oHKwDpDZrReRb0KlyqKdoFy3ZZ0o,"Aplikasimu tidak bermoral! Minta verifikasi email saat login, ketika saya membuka aplikasi email dan kembali ke aplikasi mypertamina malah mengulang dari awal.",1,4,4.2.3,2024-01-02 03:56:18,,,4.2.3
0581c710-588f-49ad-9af1-78268f20ba0d,Bang ari,https://play-lh.googleusercontent.com/a/ACg8ocJP2B3nIFgvJkfxfAokDGwXjLUfCSp_ioL39H38CrZn=mo,saya daftar bbm solar subsidi sangat sulit. bpkb kendaraan saya berganti nopol. dibpkb sudah terterah telah diganti knpa prosesnya tidak bisa. saya hub customernya juga gak ada direspon. ini sangat mempersulit saya,1,3,4.2.3,2024-01-08 13:28:05,,,4.2.3
36d22014-6e56-4f04-9751-082afaff173d,Jahri J,https://play-lh.googleusercontent.com/a-/ALV-UjUq4-X8WIONGwCkzSvCfU4ijAe-9s9N9iUodR1Oe0A6t08,"Aplikasi kntl apaan orang harus wajib pake link aja,klo orang gamau gimana ini harus akptkan link aja dulu,baru bisa metode pembayaran lain",1,0,4.2.4,2024-02-28 15:13:54,,,4.2.4
3a650caa-a7fa-4429-8c7a-4cb98b90d6c4,Wahyu Purnomo,https://play-lh.googleusercontent.com/a-/ALV-UjWeEMWSTApkCyGv2CndOL2p7Zj5I-s_ygnT6v4wIsCiMA,Kok verifikasi data diri terus kita ini sudah terdaftar belum,1,0,4.3.0,2024-03-22 06:37:27,,,4.3.0
c9bd125a-19b2-49d3-b37f-ddcc4183792d,radika yulian,https://play-lh.googleusercontent.com/a-/ALV-UjX1QODtbwYpCDhg-giW_QXqu5JLcMti4ixS4vKHw5zvZg,Akhir akhir ini aplikasi ini tidak bisa login..padahal nik udah terdaftar dan punya akun,1,0,4.2.4,2024-02-26 14:20:47,,,4.2.4
d2081df2-d31b-47f2-84f9-a4f6bcb18bfb,muhammad eka miryansyah,https://play-lh.googleusercontent.com/a-/ALV-UjX8cRyLvLxw3YU2FcVFEmJPzePk3b6ItyhV3x_35szpxxU,"Mohon untuk diperbaiki , kalau masih gini belum siap ke digital Keseringan bermasalah nya",1,1,4.2.4,2024-02-23 10:33:03,,,4.2.4
1b443911-9720-40a0-863c-d1088b0c5f7c,Wisnu Pambudi,https://play-lh.googleusercontent.com/a/ACg8ocJ-QoGaufkeO0KbSiuZhkwtORExIpzdzCpWx78Bl3s=mo,Cape lah daftar nya udah persulit aplikasi nya ga bisa di pake mau daftarin aja di persulit,1,1,4.2.4,2024-02-25 09:00:45,,,4.2.4
bc70df72-810e-4c31-892b-ebcd6276483a,Suminta Haryanto,https://play-lh.googleusercontent.com/a/ACg8ocLHM1tgSRxzMFcmukinwgyp7DTLEuopzeeRTZ4mHHEh=mo,"Parah ini aplikasi masa gk bisa buka bercode, tolong dong diperbaiki!!!",1,0,4.2.4,2024-02-28 12:44:16,,,4.2.4
b82b5dfe-d8d9-493b-b2bb-6af56b548c61,Ahmad Banyak,https://play-lh.googleusercontent.com/a/ACg8ocLA8p_iUTRHJf-YnlQRUCWnflhgzcFLDJB8lq6-n3ze=mo,Setiap mau bayar gak bisa di scan barcodenya jelek semua aplikasi pemerintah gak pernah niat buat aplikasi,1,0,4.2.4,2024-02-29 10:12:15,,,4.2.4
561dd635-0052-47ac-8401-6dd8b7a678a5,Rizky Kiw Kiw,https://play-lh.googleusercontent.com/a/ACg8ocJ_Cqeq_GmhbA2jdIyoN3BJHkC878T6_PYEwpogosrR=mo,"Aplikasi tidak bermutu banget , baru juga mau digunakan *layanan terhenti terus*..!!!",1,0,4.2.4,2024-02-25 01:45:36,,,4.2.4
5823e042-11e0-4eb6-9838-365197dd4c9a,Subuki Sp,https://play-lh.googleusercontent.com/a/ACg8ocJjfaVP7vrfTB3hsM266fyjH1JkFZfj9G-WODNK11nY=mo,Gak bisa di buka aplikasi nya habis update.. Gimana solusi nya.. üôè Bagaimana cara mendownload ulang qr code subsidi.. Apakah harus kita daftarkan ulang.. Mohon penjelasan nya..?,4,0,4.2.4,2024-03-15 08:06:41,,,4.2.4
c38f6522-3e3e-4ed5-8c3f-05464746717b,Dasep Kadar,https://play-lh.googleusercontent.com/a/ACg8ocKFf3u_eWuOrQQLbKZ47XHmeuK7gmM8cuiyoP5j5x7c=mo,"apk ribet menyusahkan rakyat, wajib punya barcode tp dipersulit, alasan update lah, browser terbaru lah, internet lah.. apk tolol",1,0,4.2.4,2024-01-25 15:02:51,,,4.2.4
e63ee976-9756-4d4d-86bb-d1bd6a78a6b0,bobby ardian putraperdana,https://play-lh.googleusercontent.com/a/ACg8ocIGSKrxZjzD-RouXBxm1icuAfc-uO3iHaqWLxw4sWzJLA=mo,Sudah mengajukan keluhan dan sudah disetujui tapi tetap tidak bisa melanjutkan pendaftaran. Aneh sekali,1,0,4.2.4,2024-02-24 22:22:20,,,4.2.4
